<?xml version = '1.0' encoding = 'UTF-8'?>
<Entity class="oracle.dbtools.crest.model.design.logical.Entity" directorySegmentName="seg_0" id="064951A4-F1D2-6B1D-A692-6A9C3B4C5EAE" name="registration">
<createdBy>eggeek</createdBy>
<createdTime>2016-05-25 13:06:09 UTC</createdTime>
<ownerDesignName>combine</ownerDesignName>
<importedID>72604F3C-1C5A-49B1-99ED-64A5A72C505B</importedID>
<engineerTo>
<item key="E5B38EE0-DA46-42B9-48DD-4CCE0C95A07A" value="true"/>
</engineerTo>
<adequatelyNormalized>NO</adequatelyNormalized>
<expectedVolumes>0</expectedVolumes>
<fwdEngineeringStrategyName>Single Table</fwdEngineeringStrategyName>
<growthPercent>0</growthPercent>
<growthType>Year</growthType>
<maxVolumes>9999999</maxVolumes>
<minVolumes>0</minVolumes>
<normalForm>Third</normalForm>
<attributes itemClass="oracle.dbtools.crest.model.design.logical.Attribute">
<Attribute name="rego" id="53B66D95-B8E0-B8F6-1392-6FA113FCE2D2">
<createdBy>eggeek</createdBy>
<createdTime>2016-05-25 13:06:09 UTC</createdTime>
<comment>registration number</comment>
<ownerDesignName>combine</ownerDesignName>
<importedID>34BABC8C-E890-957B-7026-B8F76CC29C2D</importedID>
<engineerTo>
<item key="E5B38EE0-DA46-42B9-48DD-4CCE0C95A07A" value="true"/>
</engineerTo>
<useDomainConstraints>false</useDomainConstraints>
<use>1</use>
<logicalDatatype>LOGDT024</logicalDatatype>
<dataTypeSize>10</dataTypeSize>
<ownDataTypeParameters>10,,</ownDataTypeParameters>
</Attribute>
<Attribute name="register_date" id="103DCE48-A7EB-241F-0EFD-2829683EC9D3">
<createdBy>eggeek</createdBy>
<createdTime>2016-05-25 13:06:09 UTC</createdTime>
<ownerDesignName>combine</ownerDesignName>
<importedID>13281A9A-2470-5D6E-5CBE-F8A2FFC919C6</importedID>
<engineerTo>
<item key="E5B38EE0-DA46-42B9-48DD-4CCE0C95A07A" value="true"/>
</engineerTo>
<useDomainConstraints>false</useDomainConstraints>
<use>1</use>
<logicalDatatype>LOGDT007</logicalDatatype>
<ownDataTypeParameters>,,</ownDataTypeParameters>
</Attribute>
<Attribute name="vehicle_vin" id="2FD161C3-DAB4-95A5-8DCE-71570DE7C6FE">
<createdBy>eggeek</createdBy>
<createdTime>2016-05-25 13:06:09 UTC</createdTime>
<generatorID>CF3CD90F-CE92-3843-9D4E-AAF165CF02EC</generatorID>
<ownerDesignName>combine</ownerDesignName>
<importedID>A594F5E9-9DE4-C383-EEF6-D729823EF512</importedID>
<engineerTo>
<item key="E5B38EE0-DA46-42B9-48DD-4CCE0C95A07A" value="true"/>
</engineerTo>
<referedAttribute>10BF05F8-8571-CD5E-23FD-090315564CD2</referedAttribute>
<useDomainConstraints>false</useDomainConstraints>
<use>1</use>
<logicalDatatype>LOGDT024</logicalDatatype>
<dataTypeSize>20</dataTypeSize>
<ownDataTypeParameters>20,,</ownDataTypeParameters>
</Attribute>
</attributes>
<identifiers itemClass="oracle.dbtools.crest.model.design.logical.CandidateKey">
<identifier id="E4A4EC47-6287-2D06-9A29-9FB6C4BFC66A" name="registration_PK">
<createdBy>eggeek</createdBy>
<createdTime>2016-05-25 13:06:09 UTC</createdTime>
<ownerDesignName>combine</ownerDesignName>
<shouldEngineer>false</shouldEngineer>
<importedID>B5FFC2F3-842E-D6B7-B14C-50CC3E481A76</importedID>
<engineerTo>
<item key="E5B38EE0-DA46-42B9-48DD-4CCE0C95A07A" value="false"/>
</engineerTo>
<pk>true</pk>
<usedAttributes>
<attributeRef>53B66D95-B8E0-B8F6-1392-6FA113FCE2D2</attributeRef>
</usedAttributes>
</identifier>
<identifier id="48D419C6-14B5-28A3-F4A0-322FC8B89016" name="registration_vin_UN">
<createdBy>eggeek</createdBy>
<createdTime>2016-05-25 23:50:02 UTC</createdTime>
<generatorID>B6AC3BE8-717E-7E10-14BA-7F7B38DD6929</generatorID>
<ownerDesignName>combine</ownerDesignName>
<shouldEngineer>false</shouldEngineer>
<engineerTo>
<item key="E5B38EE0-DA46-42B9-48DD-4CCE0C95A07A" value="false"/>
</engineerTo>
<usedAttributes>
<attributeRef>2FD161C3-DAB4-95A5-8DCE-71570DE7C6FE</attributeRef>
</usedAttributes>
</identifier>
</identifiers>
</Entity>