<?xml version = '1.0' encoding = 'UTF-8'?>
<Entity class="oracle.dbtools.crest.model.design.logical.Entity" directorySegmentName="seg_0" id="098ACCAC-8CDC-207C-3EBB-CAC476D265FB" name="trip">
<createdBy>eggeek</createdBy>
<createdTime>2016-05-25 13:06:09 UTC</createdTime>
<ownerDesignName>combine</ownerDesignName>
<importedID>EA9D60C5-9EF1-2A7A-0C21-9AE79C6FA559</importedID>
<engineerTo>
<item key="E5B38EE0-DA46-42B9-48DD-4CCE0C95A07A" value="true"/>
</engineerTo>
<adequatelyNormalized>NO</adequatelyNormalized>
<expectedVolumes>0</expectedVolumes>
<fwdEngineeringStrategyName>Single Table</fwdEngineeringStrategyName>
<growthPercent>0</growthPercent>
<growthType>Year</growthType>
<maxVolumes>9999999</maxVolumes>
<minVolumes>0</minVolumes>
<normalForm>Third</normalForm>
<attributes itemClass="oracle.dbtools.crest.model.design.logical.Attribute">
<Attribute name="trip_id" id="FF9942CD-3784-0710-F98D-F368AB232118">
<createdBy>eggeek</createdBy>
<createdTime>2016-05-25 13:06:09 UTC</createdTime>
<ownerDesignName>combine</ownerDesignName>
<importedID>8DF00A33-83C7-7469-3339-12741F6C5B21</importedID>
<engineerTo>
<item key="E5B38EE0-DA46-42B9-48DD-4CCE0C95A07A" value="true"/>
</engineerTo>
<useDomainConstraints>false</useDomainConstraints>
<use>1</use>
<logicalDatatype>LOGDT019</logicalDatatype>
<dataTypeScale>7</dataTypeScale>
<ownDataTypeParameters>,,7</ownDataTypeParameters>
</Attribute>
<Attribute name="start_odo" id="E757E226-E058-8ADE-4E39-93BFE83549B8">
<createdBy>eggeek</createdBy>
<createdTime>2016-05-25 13:06:09 UTC</createdTime>
<comment>the odometer when trip start</comment>
<ownerDesignName>combine</ownerDesignName>
<importedID>855B31E3-6915-7A83-F05C-155BC7BABC21</importedID>
<engineerTo>
<item key="E5B38EE0-DA46-42B9-48DD-4CCE0C95A07A" value="true"/>
</engineerTo>
<useDomainConstraints>false</useDomainConstraints>
<use>1</use>
<logicalDatatype>LOGDT019</logicalDatatype>
<dataTypeScale>10</dataTypeScale>
<ownDataTypeParameters>,,10</ownDataTypeParameters>
</Attribute>
<Attribute name="current_odo" id="271641C2-DE4B-D3CF-5780-F79D83C2F29E">
<createdBy>eggeek</createdBy>
<createdTime>2016-05-25 13:06:09 UTC</createdTime>
<comment>current odmeter (update when vehicle arrived every middle location) </comment>
<ownerDesignName>combine</ownerDesignName>
<importedID>45D65D26-E308-F527-D469-5E3B14858708</importedID>
<engineerTo>
<item key="E5B38EE0-DA46-42B9-48DD-4CCE0C95A07A" value="true"/>
</engineerTo>
<useDomainConstraints>false</useDomainConstraints>
<use>1</use>
<logicalDatatype>LOGDT019</logicalDatatype>
<dataTypeScale>10</dataTypeScale>
<ownDataTypeParameters>,,10</ownDataTypeParameters>
</Attribute>
<Attribute name="finish_odo" id="CEBF5006-0A1B-6473-0C28-B62F90CD9B81">
<createdBy>eggeek</createdBy>
<createdTime>2016-05-26 05:26:40 UTC</createdTime>
<comment>odometer when trip finish</comment>
<ownerDesignName>combine</ownerDesignName>
<engineerTo>
<item key="E5B38EE0-DA46-42B9-48DD-4CCE0C95A07A" value="true"/>
</engineerTo>
<nullsAllowed>true</nullsAllowed>
<useDomainConstraints>false</useDomainConstraints>
<use>1</use>
<logicalDatatype>LOGDT019</logicalDatatype>
<dataTypeScale>10</dataTypeScale>
<ownDataTypeParameters>,,10</ownDataTypeParameters>
</Attribute>
<Attribute name="current_location_id" id="8D551C22-6435-0C1E-4362-43FB3A461D7C">
<createdBy>eggeek</createdBy>
<createdTime>2016-05-25 13:06:09 UTC</createdTime>
<generatorID>F3C32107-F2F9-A575-7BD8-C2356BFF6C03</generatorID>
<ownerDesignName>combine</ownerDesignName>
<importedID>F85C41E9-2EA2-2785-95C0-D2F78DC3642A</importedID>
<engineerTo>
<item key="E5B38EE0-DA46-42B9-48DD-4CCE0C95A07A" value="true"/>
</engineerTo>
<referedAttribute>CF5CCFCF-79F7-138B-F34D-9E0112227A46</referedAttribute>
<useDomainConstraints>false</useDomainConstraints>
<use>1</use>
<logicalDatatype>LOGDT019</logicalDatatype>
<dataTypeScale>7</dataTypeScale>
<ownDataTypeParameters>,,</ownDataTypeParameters>
</Attribute>
<Attribute name="booking_driver_id" id="15C47D3E-A271-380D-CF8A-C17D84B144B4">
<createdBy>eggeek</createdBy>
<createdTime>2016-05-25 13:06:09 UTC</createdTime>
<comment>driver ID as the primary key of this table</comment>
<generatorID>DAA68E08-CD40-DBFE-AD81-742319104E91</generatorID>
<ownerDesignName>combine</ownerDesignName>
<importedID>2404297F-33A8-AFFC-82FE-4E67DD63664F</importedID>
<engineerTo>
<item key="E5B38EE0-DA46-42B9-48DD-4CCE0C95A07A" value="true"/>
</engineerTo>
<referedAttribute>59092E16-700E-8E81-B992-A4BA2B318465</referedAttribute>
<useDomainConstraints>false</useDomainConstraints>
<use>1</use>
<logicalDatatype>LOGDT019</logicalDatatype>
<dataTypeScale>5</dataTypeScale>
<ownDataTypeParameters>,,</ownDataTypeParameters>
</Attribute>
<Attribute name="booking_olympic_id" id="BBBC4730-E351-666B-F4FC-BBA8ED61DA41">
<createdBy>eggeek</createdBy>
<createdTime>2016-05-25 13:06:09 UTC</createdTime>
<comment>the official&apos;s Olympic ID (8 characters), primary key</comment>
<generatorID>DAA68E08-CD40-DBFE-AD81-742319104E91</generatorID>
<ownerDesignName>combine</ownerDesignName>
<importedID>EF4ED5B9-D9B2-285D-45AD-BCBB4375D07C</importedID>
<engineerTo>
<item key="E5B38EE0-DA46-42B9-48DD-4CCE0C95A07A" value="true"/>
</engineerTo>
<referedAttribute>B6729B02-B744-E4A2-E390-59BAFD6A5A92</referedAttribute>
<useDomainConstraints>false</useDomainConstraints>
<use>1</use>
<logicalDatatype>LOGDT025</logicalDatatype>
<dataTypeSize>8</dataTypeSize>
<ownDataTypeParameters>,,</ownDataTypeParameters>
</Attribute>
<Attribute name="booking_rego" id="61BD19BD-3A6B-FF19-9F03-B034E0467F5D">
<createdBy>eggeek</createdBy>
<createdTime>2016-05-25 13:06:09 UTC</createdTime>
<comment>registration number</comment>
<generatorID>DAA68E08-CD40-DBFE-AD81-742319104E91</generatorID>
<ownerDesignName>combine</ownerDesignName>
<importedID>8C36FEA5-BDCF-B4EC-9A9D-D6D8FB4C140C</importedID>
<engineerTo>
<item key="E5B38EE0-DA46-42B9-48DD-4CCE0C95A07A" value="true"/>
</engineerTo>
<referedAttribute>949C35F7-2F4F-DE4B-E530-663AFADEF5B2</referedAttribute>
<useDomainConstraints>false</useDomainConstraints>
<use>1</use>
<logicalDatatype>LOGDT024</logicalDatatype>
<dataTypeSize>10</dataTypeSize>
<ownDataTypeParameters>,,</ownDataTypeParameters>
</Attribute>
<Attribute name="start_location_id" id="63B362FC-650D-D8A1-3EB7-FB1801FBE7E3">
<createdBy>eggeek</createdBy>
<createdTime>2016-05-25 13:06:09 UTC</createdTime>
<generatorID>DAA68E08-CD40-DBFE-AD81-742319104E91</generatorID>
<ownerDesignName>combine</ownerDesignName>
<importedID>FADDFCB0-C1FD-BE18-1C88-70B81EACD9FC</importedID>
<engineerTo>
<item key="E5B38EE0-DA46-42B9-48DD-4CCE0C95A07A" value="true"/>
</engineerTo>
<referedAttribute>58BB9DD3-BB75-0913-EDB3-ED83F39A887E</referedAttribute>
<useDomainConstraints>false</useDomainConstraints>
<use>1</use>
<logicalDatatype>LOGDT019</logicalDatatype>
<dataTypeScale>7</dataTypeScale>
<ownDataTypeParameters>,,</ownDataTypeParameters>
</Attribute>
<Attribute name="end_location_id" id="64687A29-02AA-3CF6-C848-DD950E01B6E1">
<createdBy>eggeek</createdBy>
<createdTime>2016-05-25 13:06:09 UTC</createdTime>
<generatorID>DAA68E08-CD40-DBFE-AD81-742319104E91</generatorID>
<ownerDesignName>combine</ownerDesignName>
<importedID>7C47A3B9-2DBE-6362-279B-23B8AF70B40A</importedID>
<engineerTo>
<item key="E5B38EE0-DA46-42B9-48DD-4CCE0C95A07A" value="true"/>
</engineerTo>
<referedAttribute>AB3D4F2F-00A2-F1A0-4EF8-A19AE052842B</referedAttribute>
<useDomainConstraints>false</useDomainConstraints>
<use>1</use>
<logicalDatatype>LOGDT019</logicalDatatype>
<dataTypeScale>7</dataTypeScale>
<ownDataTypeParameters>,,</ownDataTypeParameters>
</Attribute>
</attributes>
<identifiers itemClass="oracle.dbtools.crest.model.design.logical.CandidateKey">
<identifier id="6F648C4B-E2E8-6CD7-68C2-05E46F32D5BB" name="trip_PK">
<createdBy>eggeek</createdBy>
<createdTime>2016-05-25 13:06:09 UTC</createdTime>
<ownerDesignName>combine</ownerDesignName>
<shouldEngineer>false</shouldEngineer>
<importedID>AF2E1055-29F3-CA35-57DB-370E1B2DD541</importedID>
<engineerTo>
<item key="E5B38EE0-DA46-42B9-48DD-4CCE0C95A07A" value="false"/>
</engineerTo>
<pk>true</pk>
<usedAttributes>
<attributeRef>FF9942CD-3784-0710-F98D-F368AB232118</attributeRef>
</usedAttributes>
</identifier>
</identifiers>
</Entity>