<?xml version = '1.0' encoding = 'UTF-8'?>
<Entity class="oracle.dbtools.crest.model.design.logical.Entity" directorySegmentName="seg_0" id="13660652-E109-6B6B-E7E5-3804F0099DFF" name="driver_languages">
<createdBy>eggeek</createdBy>
<createdTime>2016-05-25 13:06:09 UTC</createdTime>
<ownerDesignName>combine</ownerDesignName>
<importedID>069449C3-1A7B-14E4-F5F0-B9BC10DAF6E6</importedID>
<engineerTo>
<item key="E5B38EE0-DA46-42B9-48DD-4CCE0C95A07A" value="true"/>
</engineerTo>
<adequatelyNormalized>NO</adequatelyNormalized>
<expectedVolumes>0</expectedVolumes>
<fwdEngineeringStrategyName>Single Table</fwdEngineeringStrategyName>
<growthPercent>0</growthPercent>
<growthType>Year</growthType>
<maxVolumes>9999999</maxVolumes>
<minVolumes>0</minVolumes>
<normalForm>Third</normalForm>
<attributes itemClass="oracle.dbtools.crest.model.design.logical.Attribute">
<Attribute name="Driver_driver_id" id="9FEC0814-3F1E-F27D-FD81-4898AE32F3B0">
<createdBy>eggeek</createdBy>
<createdTime>2016-05-25 13:06:09 UTC</createdTime>
<comment>driver ID as the primary key of this table</comment>
<generatorID>19AC6642-D2AF-8891-7279-EE255D8288A8</generatorID>
<ownerDesignName>combine</ownerDesignName>
<importedID>8B72B96C-839B-FFC1-4A77-1BDE3036378D</importedID>
<engineerTo>
<item key="E5B38EE0-DA46-42B9-48DD-4CCE0C95A07A" value="true"/>
</engineerTo>
<referedAttribute>0378A9EF-F823-5C3A-51F4-B46F0EB34CE9</referedAttribute>
<useDomainConstraints>false</useDomainConstraints>
<use>1</use>
<logicalDatatype>LOGDT019</logicalDatatype>
<dataTypeScale>5</dataTypeScale>
<ownDataTypeParameters>,,5</ownDataTypeParameters>
</Attribute>
<Attribute name="ISO6931_code" id="369A309E-0CFB-2618-5854-88C55CA1A988">
<createdBy>eggeek</createdBy>
<createdTime>2016-05-25 13:06:09 UTC</createdTime>
<comment>iso6931 code as primary key</comment>
<generatorID>9604D4D7-1C54-94E7-51F6-E4CF45B1AD45</generatorID>
<ownerDesignName>combine</ownerDesignName>
<importedID>4905FA7A-5F37-9C4C-9A81-4FAD0D9D1717</importedID>
<engineerTo>
<item key="E5B38EE0-DA46-42B9-48DD-4CCE0C95A07A" value="true"/>
</engineerTo>
<referedAttribute>3C7A55E3-07DA-F113-FAF7-21B865F2D4C3</referedAttribute>
<useDomainConstraints>false</useDomainConstraints>
<use>1</use>
<logicalDatatype>LOGDT025</logicalDatatype>
<dataTypeSize>2</dataTypeSize>
<ownDataTypeParameters>2,,</ownDataTypeParameters>
</Attribute>
</attributes>
<identifiers itemClass="oracle.dbtools.crest.model.design.logical.CandidateKey">
<identifier id="7C0E6D28-96DD-C3E8-A3E3-7E86E1E711C3" name="driver_languages_PK">
<createdBy>eggeek</createdBy>
<createdTime>2016-05-25 13:06:09 UTC</createdTime>
<ownerDesignName>combine</ownerDesignName>
<shouldEngineer>false</shouldEngineer>
<importedID>221F2DE7-024D-0AA3-34CB-51ECDB2DD186</importedID>
<engineerTo>
<item key="E5B38EE0-DA46-42B9-48DD-4CCE0C95A07A" value="false"/>
</engineerTo>
<pk>true</pk>
<usedAttributes>
<attributeRef>9FEC0814-3F1E-F27D-FD81-4898AE32F3B0</attributeRef>
<attributeRef>369A309E-0CFB-2618-5854-88C55CA1A988</attributeRef>
</usedAttributes>
</identifier>
</identifiers>
</Entity>