<?xml version = '1.0' encoding = 'UTF-8'?>
<Entity class="oracle.dbtools.crest.model.design.logical.Entity" directorySegmentName="seg_0" id="69BC6BC5-108E-B41C-2CC1-4EE3036B9E14" name="audit">
<createdBy>eggeek</createdBy>
<createdTime>2016-05-26 05:22:22 UTC</createdTime>
<generatorID>3CD6D028-11B8-E1CA-430A-B65295763E60</generatorID>
<ownerDesignName>combine</ownerDesignName>
<engineerTo>
<item key="E5B38EE0-DA46-42B9-48DD-4CCE0C95A07A" value="true"/>
</engineerTo>
<adequatelyNormalized>NO</adequatelyNormalized>
<expectedVolumes>0</expectedVolumes>
<fwdEngineeringStrategyName>Single Table</fwdEngineeringStrategyName>
<growthPercent>0</growthPercent>
<growthType>Year</growthType>
<maxVolumes>9999999</maxVolumes>
<minVolumes>0</minVolumes>
<normalForm>Third</normalForm>
<attributes itemClass="oracle.dbtools.crest.model.design.logical.Attribute">
<Attribute name="log_id" id="7050876A-3D03-EE44-3EB6-7749918BBD27">
<createdBy>eggeek</createdBy>
<createdTime>2016-05-26 05:22:22 UTC</createdTime>
<generatorID>93D9B214-1DC5-7F0F-69B8-F9B1F5A0C5B4</generatorID>
<ownerDesignName>combine</ownerDesignName>
<engineerTo>
<item key="E5B38EE0-DA46-42B9-48DD-4CCE0C95A07A" value="true"/>
</engineerTo>
<useDomainConstraints>false</useDomainConstraints>
<use>1</use>
<logicalDatatype>LOGDT019</logicalDatatype>
<dataTypeScale>7</dataTypeScale>
<ownDataTypeParameters>,,7</ownDataTypeParameters>
</Attribute>
<Attribute name="log_datetime" id="9B4D987F-7C2F-D2D6-CAF0-9432230EE062">
<createdBy>eggeek</createdBy>
<createdTime>2016-05-26 05:22:22 UTC</createdTime>
<generatorID>B21CF4B8-B60B-8DAC-6A18-1BF94F1F81B2</generatorID>
<ownerDesignName>combine</ownerDesignName>
<engineerTo>
<item key="E5B38EE0-DA46-42B9-48DD-4CCE0C95A07A" value="true"/>
</engineerTo>
<useDomainConstraints>false</useDomainConstraints>
<use>1</use>
<logicalDatatype>LOGDT007</logicalDatatype>
<ownDataTypeParameters>,,</ownDataTypeParameters>
</Attribute>
<Attribute name="log_content" id="61F0CEAC-3722-CCE5-0D01-825012442514">
<createdBy>eggeek</createdBy>
<createdTime>2016-05-26 05:22:22 UTC</createdTime>
<generatorID>5D215A37-D25E-6A1B-41E7-F02C0D9922D8</generatorID>
<ownerDesignName>combine</ownerDesignName>
<engineerTo>
<item key="E5B38EE0-DA46-42B9-48DD-4CCE0C95A07A" value="true"/>
</engineerTo>
<useDomainConstraints>false</useDomainConstraints>
<use>1</use>
<logicalDatatype>LOGDT024</logicalDatatype>
<dataTypeSize>300</dataTypeSize>
<ownDataTypeParameters>300,,</ownDataTypeParameters>
</Attribute>
</attributes>
<identifiers itemClass="oracle.dbtools.crest.model.design.logical.CandidateKey">
<identifier id="7E8703DE-D18C-7D7F-D618-4F0FB1955702" name="audit_PK">
<createdBy>eggeek</createdBy>
<createdTime>2016-05-26 05:22:22 UTC</createdTime>
<generatorID>3D78FDFD-2C6A-7FB1-FAE4-9B1FA5A6B89F</generatorID>
<ownerDesignName>combine</ownerDesignName>
<shouldEngineer>false</shouldEngineer>
<engineerTo>
<item key="E5B38EE0-DA46-42B9-48DD-4CCE0C95A07A" value="false"/>
</engineerTo>
<pk>true</pk>
<usedAttributes>
<attributeRef>7050876A-3D03-EE44-3EB6-7749918BBD27</attributeRef>
</usedAttributes>
</identifier>
</identifiers>
</Entity>