<?xml version = '1.0' encoding = 'UTF-8'?>
<Entity class="oracle.dbtools.crest.model.design.logical.Entity" directorySegmentName="seg_0" id="B7965662-4264-1285-BDEA-8C272EC4091D" name="feature">
<createdBy>eggeek</createdBy>
<createdTime>2016-05-25 13:06:09 UTC</createdTime>
<ownerDesignName>combine</ownerDesignName>
<importedID>155CFAAA-F643-9181-9525-33ECE96A0688</importedID>
<engineerTo>
<item key="E5B38EE0-DA46-42B9-48DD-4CCE0C95A07A" value="true"/>
</engineerTo>
<adequatelyNormalized>NO</adequatelyNormalized>
<expectedVolumes>0</expectedVolumes>
<fwdEngineeringStrategyName>Single Table</fwdEngineeringStrategyName>
<growthPercent>0</growthPercent>
<growthType>Year</growthType>
<maxVolumes>9999999</maxVolumes>
<minVolumes>0</minVolumes>
<normalForm>Third</normalForm>
<attributes itemClass="oracle.dbtools.crest.model.design.logical.Attribute">
<Attribute name="feature_id" id="FF1C4F53-45B2-4099-567F-D5E1FCB96F4E">
<createdBy>eggeek</createdBy>
<createdTime>2016-05-25 13:06:09 UTC</createdTime>
<ownerDesignName>combine</ownerDesignName>
<importedID>B81BE9FC-6314-79F5-BB92-7AEC5F343DD2</importedID>
<engineerTo>
<item key="E5B38EE0-DA46-42B9-48DD-4CCE0C95A07A" value="true"/>
</engineerTo>
<useDomainConstraints>false</useDomainConstraints>
<use>1</use>
<logicalDatatype>LOGDT019</logicalDatatype>
<dataTypeScale>7</dataTypeScale>
<ownDataTypeParameters>,,7</ownDataTypeParameters>
</Attribute>
<Attribute name="feature_name" id="966F96B8-622C-8D41-621D-A89997D6FCA0">
<createdBy>eggeek</createdBy>
<createdTime>2016-05-25 13:06:09 UTC</createdTime>
<ownerDesignName>combine</ownerDesignName>
<importedID>4EB67303-966B-8A93-D81D-AF8059CA8F89</importedID>
<engineerTo>
<item key="E5B38EE0-DA46-42B9-48DD-4CCE0C95A07A" value="true"/>
</engineerTo>
<useDomainConstraints>false</useDomainConstraints>
<use>1</use>
<logicalDatatype>LOGDT024</logicalDatatype>
<dataTypeSize>20</dataTypeSize>
<ownDataTypeParameters>20,,</ownDataTypeParameters>
</Attribute>
</attributes>
<identifiers itemClass="oracle.dbtools.crest.model.design.logical.CandidateKey">
<identifier id="C076DC69-1FEB-1B10-01BF-B7821065B70F" name="feature_PK">
<createdBy>eggeek</createdBy>
<createdTime>2016-05-25 13:06:09 UTC</createdTime>
<ownerDesignName>combine</ownerDesignName>
<shouldEngineer>false</shouldEngineer>
<importedID>4775054D-8938-1C0A-9577-186AAC3C3722</importedID>
<engineerTo>
<item key="E5B38EE0-DA46-42B9-48DD-4CCE0C95A07A" value="false"/>
</engineerTo>
<pk>true</pk>
<usedAttributes>
<attributeRef>FF1C4F53-45B2-4099-567F-D5E1FCB96F4E</attributeRef>
</usedAttributes>
</identifier>
<identifier id="1E29419C-340A-2739-6A3F-6DB3E15CA7C1" name="feature_name_UN">
<createdBy>eggeek</createdBy>
<createdTime>2016-05-25 23:50:02 UTC</createdTime>
<generatorID>90EE04B6-BCE6-04F4-5703-E92AFABC2A79</generatorID>
<ownerDesignName>combine</ownerDesignName>
<shouldEngineer>false</shouldEngineer>
<engineerTo>
<item key="E5B38EE0-DA46-42B9-48DD-4CCE0C95A07A" value="false"/>
</engineerTo>
<usedAttributes>
<attributeRef>966F96B8-622C-8D41-621D-A89997D6FCA0</attributeRef>
</usedAttributes>
</identifier>
</identifiers>
</Entity>