<?xml version = '1.0' encoding = 'UTF-8'?>
<Entity class="oracle.dbtools.crest.model.design.logical.Entity" directorySegmentName="seg_0" id="C268B7AB-7676-DC40-517F-73619DE3D4A2" name="qualifications">
<createdBy>eggeek</createdBy>
<createdTime>2016-05-25 13:06:09 UTC</createdTime>
<ownerDesignName>combine</ownerDesignName>
<importedID>2CE8DB06-827C-A412-09C4-09A06099857F</importedID>
<engineerTo>
<item key="E5B38EE0-DA46-42B9-48DD-4CCE0C95A07A" value="true"/>
</engineerTo>
<adequatelyNormalized>NO</adequatelyNormalized>
<expectedVolumes>0</expectedVolumes>
<fwdEngineeringStrategyName>Single Table</fwdEngineeringStrategyName>
<growthPercent>0</growthPercent>
<growthType>Year</growthType>
<maxVolumes>9999999</maxVolumes>
<minVolumes>0</minVolumes>
<normalForm>Third</normalForm>
<attributes itemClass="oracle.dbtools.crest.model.design.logical.Attribute">
<Attribute name="Driver_driver_id" id="114A9C12-1BF6-FD23-708E-A865D4BCDC1E">
<createdBy>eggeek</createdBy>
<createdTime>2016-05-25 13:06:09 UTC</createdTime>
<comment>driver ID as the primary key of this table</comment>
<generatorID>D73B7C20-FB58-4607-372D-B6D9CE6757EF</generatorID>
<ownerDesignName>combine</ownerDesignName>
<importedID>6C3FB2ED-A9B9-0767-F2F8-1958B54B961B</importedID>
<engineerTo>
<item key="E5B38EE0-DA46-42B9-48DD-4CCE0C95A07A" value="true"/>
</engineerTo>
<referedAttribute>0378A9EF-F823-5C3A-51F4-B46F0EB34CE9</referedAttribute>
<useDomainConstraints>false</useDomainConstraints>
<use>1</use>
<logicalDatatype>LOGDT019</logicalDatatype>
<dataTypeScale>5</dataTypeScale>
<ownDataTypeParameters>,,5</ownDataTypeParameters>
</Attribute>
<Attribute name="available_course" id="6228EEB2-F991-B7A3-F151-120AC542A1C9">
<createdBy>eggeek</createdBy>
<createdTime>2016-05-25 13:06:09 UTC</createdTime>
<comment>look up table. course code is the primary key.</comment>
<generatorID>C088A93E-9880-98EA-0BCE-D812594F9B07</generatorID>
<ownerDesignName>combine</ownerDesignName>
<importedID>0A31C3F7-E1B3-5F04-E064-8C1FA4587316</importedID>
<engineerTo>
<item key="E5B38EE0-DA46-42B9-48DD-4CCE0C95A07A" value="true"/>
</engineerTo>
<referedAttribute>C679C1C1-6D5B-1B9C-4307-12EB79EFA339</referedAttribute>
<useDomainConstraints>false</useDomainConstraints>
<use>1</use>
<logicalDatatype>LOGDT024</logicalDatatype>
<dataTypeSize>10</dataTypeSize>
<ownDataTypeParameters>10,,</ownDataTypeParameters>
</Attribute>
<Attribute name="finish_date" id="AC3CE450-59E0-0A48-DB2A-C32DD83E8B87">
<createdBy>eggeek</createdBy>
<createdTime>2016-05-25 13:06:09 UTC</createdTime>
<comment>date driver complete and received the qualification </comment>
<ownerDesignName>combine</ownerDesignName>
<importedID>BA692F78-E813-CBCE-362B-9100C3E64344</importedID>
<engineerTo>
<item key="E5B38EE0-DA46-42B9-48DD-4CCE0C95A07A" value="true"/>
</engineerTo>
<useDomainConstraints>false</useDomainConstraints>
<use>1</use>
<logicalDatatype>LOGDT007</logicalDatatype>
<ownDataTypeParameters>,,</ownDataTypeParameters>
</Attribute>
</attributes>
<identifiers itemClass="oracle.dbtools.crest.model.design.logical.CandidateKey">
<identifier id="583871AB-1A7D-99EE-58EF-2D07199EE1CA" name="qualifications_PK">
<createdBy>eggeek</createdBy>
<createdTime>2016-05-25 13:06:09 UTC</createdTime>
<ownerDesignName>combine</ownerDesignName>
<shouldEngineer>false</shouldEngineer>
<importedID>189E0DE8-9D62-D19F-D4D4-158145AB0ED3</importedID>
<engineerTo>
<item key="E5B38EE0-DA46-42B9-48DD-4CCE0C95A07A" value="false"/>
</engineerTo>
<pk>true</pk>
<usedAttributes>
<attributeRef>114A9C12-1BF6-FD23-708E-A865D4BCDC1E</attributeRef>
<attributeRef>6228EEB2-F991-B7A3-F151-120AC542A1C9</attributeRef>
</usedAttributes>
</identifier>
</identifiers>
</Entity>