<?xml version = '1.0' encoding = 'UTF-8'?>
<Entity class="oracle.dbtools.crest.model.design.logical.Entity" directorySegmentName="seg_0" id="C26A25C5-357A-4BC7-9750-73463CB9E8AF" name="vehicle_action_records">
<createdBy>eggeek</createdBy>
<createdTime>2016-05-25 13:06:09 UTC</createdTime>
<ownerDesignName>combine</ownerDesignName>
<importedID>F3AE78A5-71B4-A68D-59DE-84FD2E9DC154</importedID>
<engineerTo>
<item key="E5B38EE0-DA46-42B9-48DD-4CCE0C95A07A" value="true"/>
</engineerTo>
<adequatelyNormalized>NO</adequatelyNormalized>
<expectedVolumes>0</expectedVolumes>
<fwdEngineeringStrategyName>Single Table</fwdEngineeringStrategyName>
<growthPercent>0</growthPercent>
<growthType>Year</growthType>
<maxVolumes>9999999</maxVolumes>
<minVolumes>0</minVolumes>
<normalForm>Third</normalForm>
<attributes itemClass="oracle.dbtools.crest.model.design.logical.Attribute">
<Attribute name="before_odometer" id="23C40C9A-941B-64BC-DA34-95FB139CBA08">
<createdBy>eggeek</createdBy>
<createdTime>2016-05-25 13:06:09 UTC</createdTime>
<ownerDesignName>combine</ownerDesignName>
<importedID>F5AE8475-84EC-AA41-BFFB-254BFCA560C7</importedID>
<engineerTo>
<item key="E5B38EE0-DA46-42B9-48DD-4CCE0C95A07A" value="true"/>
</engineerTo>
<useDomainConstraints>false</useDomainConstraints>
<use>1</use>
<logicalDatatype>LOGDT019</logicalDatatype>
<dataTypeScale>10</dataTypeScale>
<ownDataTypeParameters>,,10</ownDataTypeParameters>
</Attribute>
<Attribute name="after_odometer" id="63681C6D-E158-C71B-057E-35A1E713447A">
<createdBy>eggeek</createdBy>
<createdTime>2016-05-25 13:06:09 UTC</createdTime>
<ownerDesignName>combine</ownerDesignName>
<importedID>64FDE065-2FE2-9048-1E9C-2B47793F9CA4</importedID>
<engineerTo>
<item key="E5B38EE0-DA46-42B9-48DD-4CCE0C95A07A" value="true"/>
</engineerTo>
<useDomainConstraints>false</useDomainConstraints>
<use>1</use>
<logicalDatatype>LOGDT019</logicalDatatype>
<dataTypeScale>10</dataTypeScale>
<ownDataTypeParameters>,,10</ownDataTypeParameters>
</Attribute>
<Attribute name="vehicle_vin" id="8B0BCB6F-6F23-670D-5D9E-2CEE0FD4E671">
<createdBy>eggeek</createdBy>
<createdTime>2016-05-25 13:06:09 UTC</createdTime>
<generatorID>8158BF4B-5A7A-185F-2C73-1AD947B3BEBF</generatorID>
<ownerDesignName>combine</ownerDesignName>
<importedID>3657941F-86AF-B8E5-094A-FE9E9AD56892</importedID>
<engineerTo>
<item key="E5B38EE0-DA46-42B9-48DD-4CCE0C95A07A" value="true"/>
</engineerTo>
<referedAttribute>10BF05F8-8571-CD5E-23FD-090315564CD2</referedAttribute>
<useDomainConstraints>false</useDomainConstraints>
<use>1</use>
<logicalDatatype>LOGDT024</logicalDatatype>
<dataTypeSize>20</dataTypeSize>
<ownDataTypeParameters>20,,</ownDataTypeParameters>
</Attribute>
<Attribute name="action_id" id="046D1598-3111-FC82-33B5-CE4132C3D305">
<createdBy>eggeek</createdBy>
<createdTime>2016-05-25 13:06:09 UTC</createdTime>
<generatorID>FEDD93E7-3B74-ADD2-73DF-92B6E2B7CCD3</generatorID>
<ownerDesignName>combine</ownerDesignName>
<importedID>CB7F83BC-E95A-E93D-608E-4E1A76BEFC05</importedID>
<engineerTo>
<item key="E5B38EE0-DA46-42B9-48DD-4CCE0C95A07A" value="true"/>
</engineerTo>
<referedAttribute>A14A5AD9-E6EC-47E3-1C9F-FD8E018D6362</referedAttribute>
<useDomainConstraints>false</useDomainConstraints>
<use>1</use>
<logicalDatatype>LOGDT019</logicalDatatype>
<dataTypeScale>7</dataTypeScale>
<ownDataTypeParameters>,,</ownDataTypeParameters>
</Attribute>
</attributes>
<identifiers itemClass="oracle.dbtools.crest.model.design.logical.CandidateKey">
<identifier id="747F5E25-4065-E31C-2F85-23976F97EE28" name="vehicle_action_records_PK">
<createdBy>eggeek</createdBy>
<createdTime>2016-05-25 13:06:09 UTC</createdTime>
<ownerDesignName>combine</ownerDesignName>
<shouldEngineer>false</shouldEngineer>
<importedID>08D9ACFA-689E-F9FC-F245-DA68E4E41BA0</importedID>
<engineerTo>
<item key="E5B38EE0-DA46-42B9-48DD-4CCE0C95A07A" value="false"/>
</engineerTo>
<pk>true</pk>
<usedAttributes>
<attributeRef>8B0BCB6F-6F23-670D-5D9E-2CEE0FD4E671</attributeRef>
<attributeRef>046D1598-3111-FC82-33B5-CE4132C3D305</attributeRef>
</usedAttributes>
</identifier>
</identifiers>
</Entity>