<?xml version = '1.0' encoding = 'UTF-8'?>
<Entity class="oracle.dbtools.crest.model.design.logical.Entity" directorySegmentName="seg_0" id="C4B36A0B-467F-4893-FDA2-D1D2D5A11CFB" name="booking">
<createdBy>eggeek</createdBy>
<createdTime>2016-05-25 13:06:09 UTC</createdTime>
<ownerDesignName>combine</ownerDesignName>
<importedID>5D391151-18D5-C8FF-62BC-68B9DABE4F0C</importedID>
<engineerTo>
<item key="E5B38EE0-DA46-42B9-48DD-4CCE0C95A07A" value="true"/>
</engineerTo>
<adequatelyNormalized>NO</adequatelyNormalized>
<expectedVolumes>0</expectedVolumes>
<fwdEngineeringStrategyName>Single Table</fwdEngineeringStrategyName>
<growthPercent>0</growthPercent>
<growthType>Year</growthType>
<maxVolumes>9999999</maxVolumes>
<minVolumes>0</minVolumes>
<normalForm>Third</normalForm>
<attributes itemClass="oracle.dbtools.crest.model.design.logical.Attribute">
<Attribute name="booking_start_datetime" id="80FCBE7F-AE47-D2A0-6CC7-31860BEA0C99">
<createdBy>eggeek</createdBy>
<createdTime>2016-05-25 13:06:09 UTC</createdTime>
<ownerDesignName>combine</ownerDesignName>
<importedID>7823DD62-A6B0-3181-F140-AD5E473223ED</importedID>
<engineerTo>
<item key="E5B38EE0-DA46-42B9-48DD-4CCE0C95A07A" value="true"/>
</engineerTo>
<useDomainConstraints>false</useDomainConstraints>
<use>1</use>
<logicalDatatype>LOGDT007</logicalDatatype>
<ownDataTypeParameters>,,</ownDataTypeParameters>
</Attribute>
<Attribute name="booking_end_datetime" id="C357FFFD-738A-A4BA-DB88-4066DAA39676">
<createdBy>eggeek</createdBy>
<createdTime>2016-05-25 13:06:09 UTC</createdTime>
<ownerDesignName>combine</ownerDesignName>
<importedID>D10952F6-2307-5983-58ED-D1885B3A3631</importedID>
<engineerTo>
<item key="E5B38EE0-DA46-42B9-48DD-4CCE0C95A07A" value="true"/>
</engineerTo>
<useDomainConstraints>false</useDomainConstraints>
<use>1</use>
<logicalDatatype>LOGDT007</logicalDatatype>
<ownDataTypeParameters>,,</ownDataTypeParameters>
</Attribute>
<Attribute name="Driver_driver_id" id="59092E16-700E-8E81-B992-A4BA2B318465">
<createdBy>eggeek</createdBy>
<createdTime>2016-05-25 13:06:09 UTC</createdTime>
<comment>driver ID as the primary key of this table</comment>
<generatorID>1A6EF5A6-1296-AEB2-99D2-AB80AEAAAFB5</generatorID>
<ownerDesignName>combine</ownerDesignName>
<importedID>10247C32-A5BF-F89A-16DF-7CE434D9E8C5</importedID>
<engineerTo>
<item key="E5B38EE0-DA46-42B9-48DD-4CCE0C95A07A" value="true"/>
</engineerTo>
<referedAttribute>0378A9EF-F823-5C3A-51F4-B46F0EB34CE9</referedAttribute>
<useDomainConstraints>false</useDomainConstraints>
<use>1</use>
<logicalDatatype>LOGDT019</logicalDatatype>
<dataTypeScale>5</dataTypeScale>
<ownDataTypeParameters>,,5</ownDataTypeParameters>
</Attribute>
<Attribute name="olympic_id" id="B6729B02-B744-E4A2-E390-59BAFD6A5A92">
<createdBy>eggeek</createdBy>
<createdTime>2016-05-25 13:06:09 UTC</createdTime>
<comment>the official&apos;s Olympic ID (8 characters), primary key</comment>
<generatorID>F81880CB-20D4-24F2-31CA-2723EFED1AFB</generatorID>
<ownerDesignName>combine</ownerDesignName>
<importedID>A3FDE851-E1B3-E17F-336E-D1ADF44F849E</importedID>
<engineerTo>
<item key="E5B38EE0-DA46-42B9-48DD-4CCE0C95A07A" value="true"/>
</engineerTo>
<referedAttribute>E1286442-A50F-8666-3A4D-4F165C0CBFB2</referedAttribute>
<useDomainConstraints>false</useDomainConstraints>
<use>1</use>
<logicalDatatype>LOGDT025</logicalDatatype>
<dataTypeSize>8</dataTypeSize>
<ownDataTypeParameters>8,,</ownDataTypeParameters>
</Attribute>
<Attribute name="registration_rego" id="949C35F7-2F4F-DE4B-E530-663AFADEF5B2">
<createdBy>eggeek</createdBy>
<createdTime>2016-05-25 13:06:09 UTC</createdTime>
<comment>registration number</comment>
<generatorID>809F3626-62A3-5B58-F2E4-65FDB83B0223</generatorID>
<ownerDesignName>combine</ownerDesignName>
<importedID>0472674A-18A3-6C19-3131-01D17ECC69E0</importedID>
<engineerTo>
<item key="E5B38EE0-DA46-42B9-48DD-4CCE0C95A07A" value="true"/>
</engineerTo>
<referedAttribute>53B66D95-B8E0-B8F6-1392-6FA113FCE2D2</referedAttribute>
<useDomainConstraints>false</useDomainConstraints>
<use>1</use>
<logicalDatatype>LOGDT024</logicalDatatype>
<dataTypeSize>10</dataTypeSize>
<ownDataTypeParameters>10,,</ownDataTypeParameters>
</Attribute>
<Attribute name="start_location_id" id="58BB9DD3-BB75-0913-EDB3-ED83F39A887E">
<createdBy>eggeek</createdBy>
<createdTime>2016-05-25 13:06:09 UTC</createdTime>
<generatorID>FE41FE41-D8E7-261C-8656-81A45B31A726</generatorID>
<ownerDesignName>combine</ownerDesignName>
<importedID>84C7E738-8A63-4DF8-7DFB-B7C85611CB90</importedID>
<engineerTo>
<item key="E5B38EE0-DA46-42B9-48DD-4CCE0C95A07A" value="true"/>
</engineerTo>
<referedAttribute>CF5CCFCF-79F7-138B-F34D-9E0112227A46</referedAttribute>
<useDomainConstraints>false</useDomainConstraints>
<use>1</use>
<logicalDatatype>LOGDT019</logicalDatatype>
<dataTypeScale>7</dataTypeScale>
<ownDataTypeParameters>,,</ownDataTypeParameters>
</Attribute>
<Attribute name="end_location_id" id="AB3D4F2F-00A2-F1A0-4EF8-A19AE052842B">
<createdBy>eggeek</createdBy>
<createdTime>2016-05-25 13:06:09 UTC</createdTime>
<generatorID>0FE1882A-FB18-FD90-EA26-824CD4C8E1C1</generatorID>
<ownerDesignName>combine</ownerDesignName>
<importedID>85C1191F-82BB-5C00-B768-BA7479F6D1F4</importedID>
<engineerTo>
<item key="E5B38EE0-DA46-42B9-48DD-4CCE0C95A07A" value="true"/>
</engineerTo>
<referedAttribute>CF5CCFCF-79F7-138B-F34D-9E0112227A46</referedAttribute>
<useDomainConstraints>false</useDomainConstraints>
<use>1</use>
<logicalDatatype>LOGDT019</logicalDatatype>
<dataTypeScale>7</dataTypeScale>
<ownDataTypeParameters>,,</ownDataTypeParameters>
</Attribute>
</attributes>
<identifiers itemClass="oracle.dbtools.crest.model.design.logical.CandidateKey">
<identifier id="888122DC-7704-A39A-30DB-1B7DD2D90691" name="booking_PK">
<createdBy>eggeek</createdBy>
<createdTime>2016-05-25 13:06:09 UTC</createdTime>
<ownerDesignName>combine</ownerDesignName>
<shouldEngineer>false</shouldEngineer>
<importedID>8F2B17D6-0425-C54A-BE23-1E104AE32D6C</importedID>
<engineerTo>
<item key="E5B38EE0-DA46-42B9-48DD-4CCE0C95A07A" value="false"/>
</engineerTo>
<pk>true</pk>
<usedAttributes>
<attributeRef>59092E16-700E-8E81-B992-A4BA2B318465</attributeRef>
<attributeRef>B6729B02-B744-E4A2-E390-59BAFD6A5A92</attributeRef>
<attributeRef>949C35F7-2F4F-DE4B-E530-663AFADEF5B2</attributeRef>
<attributeRef>58BB9DD3-BB75-0913-EDB3-ED83F39A887E</attributeRef>
<attributeRef>AB3D4F2F-00A2-F1A0-4EF8-A19AE052842B</attributeRef>
</usedAttributes>
</identifier>
</identifiers>
</Entity>