<?xml version = '1.0' encoding = 'UTF-8'?>
<FKIndexAssociation class="oracle.dbtools.crest.model.design.relational.FKIndexAssociation" directorySegmentName="seg_0" id="0124CA25-E493-4F83-70FC-A0FE015A4D25" containerWithKeyObject="B1F2B3D3-368E-E141-528E-EAE9677F0549" localFKIndex="6F40DE77-D8A4-964D-9A25-FE356F836DD1" name="booking_registration_FK">
<createdBy>eggeek</createdBy>
<createdTime>2016-05-25 13:06:09 UTC</createdTime>
<generatorID>20E48F79-DF92-6A15-8302-EA3EBC9DB1E8</generatorID>
<ownerDesignName>combine</ownerDesignName>
<importedID>B7F6C5BA-15FC-7A35-2810-5D8670A29EC3</importedID>
<deleteRule>NO ACTION</deleteRule>
<referredTableID>4D84B554-988E-D72E-E815-4476BCA749E5</referredTableID>
<keyObject>2B0670F4-0A83-28BA-58FC-54A03F3AA76C</keyObject>
<referredKeyID>2B0670F4-0A83-28BA-58FC-54A03F3AA76C</referredKeyID>
<mandatory>true</mandatory>
<transferable>true</transferable>
<rely>false</rely>
<columnDependencyConstraintGenerateInDDL>true</columnDependencyConstraintGenerateInDDL>
</FKIndexAssociation>