<?xml version = '1.0' encoding = 'UTF-8'?>
<FKIndexAssociation class="oracle.dbtools.crest.model.design.relational.FKIndexAssociation" directorySegmentName="seg_0" id="0FAC67A8-3A83-531B-66E5-AF9000365A31" containerWithKeyObject="E2B8A88F-3B7A-0221-93BE-D577FFB69DE0" localFKIndex="28351FB3-B5FA-2EAD-78BC-0AEFE4E0EA0D" name="driver_language_code_FK">
<createdBy>eggeek</createdBy>
<createdTime>2016-05-25 13:06:09 UTC</createdTime>
<generatorID>9C3749B0-8B76-F96C-7473-8574B9481EAC</generatorID>
<ownerDesignName>combine</ownerDesignName>
<importedID>EAF8B72D-F9BB-7044-1425-C88DC3B7F532</importedID>
<deleteRule>NO ACTION</deleteRule>
<referredTableID>E937D8FA-778C-3744-5635-978389DCDE03</referredTableID>
<keyObject>F448FFEC-8AEC-97F5-2D79-CC24C02F26A6</keyObject>
<referredKeyID>F448FFEC-8AEC-97F5-2D79-CC24C02F26A6</referredKeyID>
<mandatory>true</mandatory>
<transferable>true</transferable>
<rely>false</rely>
<columnDependencyConstraintGenerateInDDL>true</columnDependencyConstraintGenerateInDDL>
</FKIndexAssociation>