<?xml version = '1.0' encoding = 'UTF-8'?>
<FKIndexAssociation class="oracle.dbtools.crest.model.design.relational.FKIndexAssociation" directorySegmentName="seg_0" id="30444F83-D2E2-CE52-E878-6681E8FC7C0D" containerWithKeyObject="B1F2B3D3-368E-E141-528E-EAE9677F0549" localFKIndex="9D399BDC-3660-73EA-F3EC-247728E31D31" name="booking_location_FKv1">
<createdBy>eggeek</createdBy>
<createdTime>2016-05-25 13:06:09 UTC</createdTime>
<generatorID>65F70CBF-BD67-B2B4-8ED9-A641EBD235E4</generatorID>
<ownerDesignName>combine</ownerDesignName>
<importedID>0EAD3941-5E81-EC47-9382-CCD14E952293</importedID>
<deleteRule>NO ACTION</deleteRule>
<referredTableID>0BD34269-A11E-6AA3-BF23-9928969FC017</referredTableID>
<keyObject>FA3628C8-366F-5A2E-B66F-E43FE407D5EE</keyObject>
<referredKeyID>FA3628C8-366F-5A2E-B66F-E43FE407D5EE</referredKeyID>
<mandatory>true</mandatory>
<transferable>true</transferable>
<rely>false</rely>
<columnDependencyConstraintGenerateInDDL>true</columnDependencyConstraintGenerateInDDL>
</FKIndexAssociation>