<?xml version = '1.0' encoding = 'UTF-8'?>
<FKIndexAssociation class="oracle.dbtools.crest.model.design.relational.FKIndexAssociation" directorySegmentName="seg_0" id="5F314955-2C2A-F65B-0780-DF1F5CE0C72E" containerWithKeyObject="4D84B554-988E-D72E-E815-4476BCA749E5" localFKIndex="85237F09-1BFE-0CAE-9F4D-2DC822740B35" name="registration_vehicle_FK">
<createdBy>eggeek</createdBy>
<createdTime>2016-05-25 13:06:09 UTC</createdTime>
<generatorID>9E435F8D-25DE-7426-6F96-32B143E446AA</generatorID>
<ownerDesignName>combine</ownerDesignName>
<importedID>F614AEED-8B4B-E3BF-E571-DB49E3CB0F0E</importedID>
<deleteRule>NO ACTION</deleteRule>
<referredTableID>87D2733C-9B41-5779-1F72-5C2F4960CA12</referredTableID>
<keyObject>55B81014-D639-5170-0736-D92F44ED47DA</keyObject>
<referredKeyID>55B81014-D639-5170-0736-D92F44ED47DA</referredKeyID>
<mandatory>true</mandatory>
<transferable>true</transferable>
<rely>false</rely>
<columnDependencyConstraintGenerateInDDL>true</columnDependencyConstraintGenerateInDDL>
</FKIndexAssociation>