<?xml version = '1.0' encoding = 'UTF-8'?>
<FKIndexAssociation class="oracle.dbtools.crest.model.design.relational.FKIndexAssociation" directorySegmentName="seg_0" id="792D93C8-751F-AF01-4BEF-3CE54E10E463" containerWithKeyObject="B1F2B3D3-368E-E141-528E-EAE9677F0549" localFKIndex="2B6F1591-3ABB-B5A0-6DCF-3CAA50BB0623" name="booking_official_FK">
<createdBy>eggeek</createdBy>
<createdTime>2016-05-25 13:06:09 UTC</createdTime>
<generatorID>39612B62-4BC2-8DA3-39DF-220C70834433</generatorID>
<ownerDesignName>combine</ownerDesignName>
<importedID>354E0400-E7F2-37DC-870E-B996273A1FFE</importedID>
<deleteRule>NO ACTION</deleteRule>
<referredTableID>93C14849-67ED-02F0-8AE8-520FBF5B5A3C</referredTableID>
<keyObject>B2F9030D-1105-B786-7E03-9CDC1C68D829</keyObject>
<referredKeyID>B2F9030D-1105-B786-7E03-9CDC1C68D829</referredKeyID>
<mandatory>true</mandatory>
<transferable>true</transferable>
<rely>false</rely>
<columnDependencyConstraintGenerateInDDL>true</columnDependencyConstraintGenerateInDDL>
</FKIndexAssociation>