<?xml version = '1.0' encoding = 'UTF-8'?>
<FKIndexAssociation class="oracle.dbtools.crest.model.design.relational.FKIndexAssociation" directorySegmentName="seg_0" id="CABD0723-1E97-9770-E566-0EC1FCECD9E4" containerWithKeyObject="0BD34269-A11E-6AA3-BF23-9928969FC017" localFKIndex="987C1A6D-0E1B-0A74-9694-9696EB41D820" name="location_type_FK">
<createdBy>eggeek</createdBy>
<createdTime>2016-05-25 13:06:09 UTC</createdTime>
<generatorID>46633F9A-5EDB-9733-A5FC-8A4F89E51A4F</generatorID>
<ownerDesignName>combine</ownerDesignName>
<importedID>D9EE02A1-6154-8E7A-5E98-F9713A3741EF</importedID>
<deleteRule>NO ACTION</deleteRule>
<referredTableID>7A19F53B-A55B-107A-B1FA-3FCC05062404</referredTableID>
<keyObject>9BA31890-AF15-B57B-2B84-540B65A70AA5</keyObject>
<referredKeyID>9BA31890-AF15-B57B-2B84-540B65A70AA5</referredKeyID>
<mandatory>true</mandatory>
<transferable>true</transferable>
<rely>false</rely>
<columnDependencyConstraintGenerateInDDL>true</columnDependencyConstraintGenerateInDDL>
</FKIndexAssociation>