<?xml version = '1.0' encoding = 'UTF-8'?>
<FKIndexAssociation class="oracle.dbtools.crest.model.design.relational.FKIndexAssociation" directorySegmentName="seg_0" id="D52D666A-AD01-49CC-486C-0A5AF5747E0B" containerWithKeyObject="DB40F7AA-7109-A075-BB4E-9841FF7BDAD8" localFKIndex="DB101AFB-9736-8837-4667-B460ED36DF7C" name="qualifi_courses_FK">
<createdBy>eggeek</createdBy>
<createdTime>2016-05-25 13:06:09 UTC</createdTime>
<generatorID>F71EAB13-0F3B-DD77-934D-4EA28BA3958B</generatorID>
<ownerDesignName>combine</ownerDesignName>
<importedID>CB91BB63-5214-327C-085B-A3E7601A987C</importedID>
<deleteRule>NO ACTION</deleteRule>
<referredTableID>7641495A-0A0E-706E-D49F-3BCFE6224AC8</referredTableID>
<keyObject>3EAF362C-A88E-AACD-1D35-2FE699AA4882</keyObject>
<referredKeyID>3EAF362C-A88E-AACD-1D35-2FE699AA4882</referredKeyID>
<mandatory>true</mandatory>
<transferable>true</transferable>
<rely>false</rely>
<columnDependencyConstraintGenerateInDDL>true</columnDependencyConstraintGenerateInDDL>
</FKIndexAssociation>