<?xml version = '1.0' encoding = 'UTF-8'?>
<FKIndexAssociation class="oracle.dbtools.crest.model.design.relational.FKIndexAssociation" directorySegmentName="seg_0" id="F66A91FF-5435-CEE8-BDB0-F93DCE42418D" containerWithKeyObject="A73CDB24-85FA-814A-06FB-3DCE949A5577" localFKIndex="A1FDEFC1-7FD7-7777-4A79-EBBE1E381810" name="vehicle_features_FK">
<createdBy>eggeek</createdBy>
<createdTime>2016-05-25 13:06:09 UTC</createdTime>
<generatorID>892517DD-38D0-CBB7-7F0F-CCA9C7FA2906</generatorID>
<ownerDesignName>combine</ownerDesignName>
<importedID>ABED2F80-78EF-DD01-5095-EAB39E7E9684</importedID>
<deleteRule>NO ACTION</deleteRule>
<referredTableID>BB69C38E-C725-EB39-0737-1E73CE140B49</referredTableID>
<keyObject>8D34ADA9-C10C-F56A-9C49-546DE10F7C0F</keyObject>
<referredKeyID>8D34ADA9-C10C-F56A-9C49-546DE10F7C0F</referredKeyID>
<mandatory>true</mandatory>
<transferable>true</transferable>
<rely>false</rely>
<columnDependencyConstraintGenerateInDDL>true</columnDependencyConstraintGenerateInDDL>
</FKIndexAssociation>