<?xml version = '1.0' encoding = 'UTF-8'?>
<Relation class="oracle.dbtools.crest.model.design.logical.Relation" name="features_vehicle_FK" directorySegmentName="seg_0" id="6474675F-B99D-BEF3-4E25-F3F9EA1D9B93">
<createdBy>eggeek</createdBy>
<createdTime>2016-05-25 13:06:09 UTC</createdTime>
<ownerDesignName>combine</ownerDesignName>
<importedID>0E94D62F-7A0C-8888-EDE9-65DC84D89D0D</importedID>
<engineerTo>
<item key="E5B38EE0-DA46-42B9-48DD-4CCE0C95A07A" value="true"/>
</engineerTo>
<sourcePk>E248A401-62B3-3DE4-3926-B81C3FD123C5</sourcePk>
<identifying>true</identifying>
<nameOnSource>has</nameOnSource>
<nameOnTarget>on</nameOnTarget>
<optionalSource>true</optionalSource>
<optionalTarget>false</optionalTarget>
<sourceCardinality>1</sourceCardinality>
<sourceEntity>F123E006-CD6D-F34D-8AF1-1B977F74EBE1</sourceEntity>
<targetCardinalityString>*</targetCardinalityString>
<targetEntity>67ED0068-A8D0-9C4D-BCDF-B4B58533C97B</targetEntity>
<transferable>true</transferable>
<deleteRule>NO ACTION</deleteRule>
</Relation>