<?xml version = '1.0' encoding = 'UTF-8'?>
<Relation class="oracle.dbtools.crest.model.design.logical.Relation" name="vehicle_features_FK" directorySegmentName="seg_0" id="72664C6B-01FA-C797-5B10-BB8114A5A17A">
<createdBy>eggeek</createdBy>
<createdTime>2016-05-25 13:06:09 UTC</createdTime>
<ownerDesignName>combine</ownerDesignName>
<importedID>892517DD-38D0-CBB7-7F0F-CCA9C7FA2906</importedID>
<engineerTo>
<item key="E5B38EE0-DA46-42B9-48DD-4CCE0C95A07A" value="true"/>
</engineerTo>
<sourcePk>C076DC69-1FEB-1B10-01BF-B7821065B70F</sourcePk>
<identifying>true</identifying>
<nameOnSource>on</nameOnSource>
<nameOnTarget>has</nameOnTarget>
<optionalSource>true</optionalSource>
<optionalTarget>false</optionalTarget>
<sourceCardinality>1</sourceCardinality>
<sourceEntity>B7965662-4264-1285-BDEA-8C272EC4091D</sourceEntity>
<targetCardinalityString>*</targetCardinalityString>
<targetEntity>67ED0068-A8D0-9C4D-BCDF-B4B58533C97B</targetEntity>
<transferable>true</transferable>
<deleteRule>NO ACTION</deleteRule>
</Relation>