<?xml version = '1.0' encoding = 'UTF-8'?>
<Relation class="oracle.dbtools.crest.model.design.logical.Relation" name="vehicle_Colour_FK" directorySegmentName="seg_0" id="7A2392D4-E7DF-CD62-F388-0C50A6D99861">
<createdBy>eggeek</createdBy>
<createdTime>2016-05-25 13:06:09 UTC</createdTime>
<ownerDesignName>combine</ownerDesignName>
<importedID>CDC1D1FB-DD34-D9A1-4970-A970119108E6</importedID>
<engineerTo>
<item key="E5B38EE0-DA46-42B9-48DD-4CCE0C95A07A" value="true"/>
</engineerTo>
<sourcePk>D9B2701B-51A5-DA40-BA3E-9E43E6378A26</sourcePk>
<identifying>false</identifying>
<nameOnSource>on</nameOnSource>
<nameOnTarget>has</nameOnTarget>
<optionalSource>true</optionalSource>
<optionalTarget>false</optionalTarget>
<sourceCardinality>1</sourceCardinality>
<sourceEntity>790130AB-A919-0A64-C1CF-E0B8A4375C3A</sourceEntity>
<targetCardinalityString>*</targetCardinalityString>
<targetEntity>F123E006-CD6D-F34D-8AF1-1B977F74EBE1</targetEntity>
<transferable>true</transferable>
<deleteRule>NO ACTION</deleteRule>
</Relation>