<?xml version = '1.0' encoding = 'UTF-8'?>
<Relation class="oracle.dbtools.crest.model.design.logical.Relation" name="driver_language_code_FK" directorySegmentName="seg_0" id="9604D4D7-1C54-94E7-51F6-E4CF45B1AD45">
<createdBy>eggeek</createdBy>
<createdTime>2016-05-25 13:06:09 UTC</createdTime>
<ownerDesignName>combine</ownerDesignName>
<importedID>9C3749B0-8B76-F96C-7473-8574B9481EAC</importedID>
<engineerTo>
<item key="E5B38EE0-DA46-42B9-48DD-4CCE0C95A07A" value="true"/>
</engineerTo>
<sourcePk>9393B450-D2CB-3085-69CE-FBFD8ADCDF63</sourcePk>
<identifying>true</identifying>
<optionalSource>true</optionalSource>
<optionalTarget>false</optionalTarget>
<sourceCardinality>1</sourceCardinality>
<sourceEntity>A9246682-17E2-025D-47F9-A0342498AF63</sourceEntity>
<targetCardinalityString>*</targetCardinalityString>
<targetEntity>13660652-E109-6B6B-E7E5-3804F0099DFF</targetEntity>
<transferable>true</transferable>
<deleteRule>NO ACTION</deleteRule>
</Relation>