<?xml version = '1.0' encoding = 'UTF-8'?>
<Relation class="oracle.dbtools.crest.model.design.logical.Relation" name="booking_location_FK" directorySegmentName="seg_0" id="FE41FE41-D8E7-261C-8656-81A45B31A726">
<createdBy>eggeek</createdBy>
<createdTime>2016-05-25 13:06:09 UTC</createdTime>
<ownerDesignName>combine</ownerDesignName>
<importedID>60E3EBE9-7B7C-1D82-4DB5-FB291248058C</importedID>
<engineerTo>
<item key="E5B38EE0-DA46-42B9-48DD-4CCE0C95A07A" value="true"/>
</engineerTo>
<sourcePk>5726678D-B08B-FD57-23DE-FD1BC6D03145</sourcePk>
<identifying>true</identifying>
<nameOnSource>in</nameOnSource>
<nameOnTarget>has</nameOnTarget>
<optionalSource>true</optionalSource>
<optionalTarget>false</optionalTarget>
<sourceCardinality>1</sourceCardinality>
<sourceEntity>3BE15AD6-8413-0054-F4F3-9776DFCF7161</sourceEntity>
<targetCardinalityString>1</targetCardinalityString>
<targetEntity>C4B36A0B-467F-4893-FDA2-D1D2D5A11CFB</targetEntity>
<transferable>true</transferable>
<deleteRule>NO ACTION</deleteRule>
</Relation>