<?xml version = '1.0' encoding = 'UTF-8'?>
<FKIndexAssociation class="oracle.dbtools.crest.model.design.relational.FKIndexAssociation" directorySegmentName="seg_0" id="111B70AA-2535-48C5-E373-DD320B66E65A" containerWithKeyObject="B1F2B3D3-368E-E141-528E-EAE9677F0549" localFKIndex="2EB9D1E4-7C2A-CD7B-EE93-9FFDC2DDF8C9" name="booking_location_FK">
<createdBy>eggeek</createdBy>
<createdTime>2016-05-25 13:06:09 UTC</createdTime>
<generatorID>60E3EBE9-7B7C-1D82-4DB5-FB291248058C</generatorID>
<ownerDesignName>combine</ownerDesignName>
<importedID>0EAD3941-5E81-EC47-9382-CCD14E952293</importedID>
<deleteRule>NO ACTION</deleteRule>
<referredTableID>0BD34269-A11E-6AA3-BF23-9928969FC017</referredTableID>
<keyObject>FA3628C8-366F-5A2E-B66F-E43FE407D5EE</keyObject>
<referredKeyID>FA3628C8-366F-5A2E-B66F-E43FE407D5EE</referredKeyID>
<mandatory>true</mandatory>
<transferable>true</transferable>
<rely>false</rely>
<columnDependencyConstraintGenerateInDDL>true</columnDependencyConstraintGenerateInDDL>
</FKIndexAssociation>