<?xml version = '1.0' encoding = 'UTF-8'?>
<FKIndexAssociation class="oracle.dbtools.crest.model.design.relational.FKIndexAssociation" directorySegmentName="seg_0" id="15ED7CCA-7509-8B09-26F4-6EEE4B458E42" containerWithKeyObject="E2B8A88F-3B7A-0221-93BE-D577FFB69DE0" localFKIndex="2B737015-B3B2-518B-DFA0-EC320372BF64" name="driver_languages_FK">
<createdBy>eggeek</createdBy>
<createdTime>2016-05-25 13:06:09 UTC</createdTime>
<generatorID>971C7A60-6505-14A5-AE65-8EC643411570</generatorID>
<ownerDesignName>combine</ownerDesignName>
<importedID>BA13EB8E-CF49-CF0E-5E45-51EF8F06A26C</importedID>
<deleteRule>NO ACTION</deleteRule>
<referredTableID>2FBD0606-19B6-DB0B-DE07-188E82C37D1E</referredTableID>
<keyObject>00418F85-FF0C-2F82-9BF7-5FCE2A418925</keyObject>
<referredKeyID>00418F85-FF0C-2F82-9BF7-5FCE2A418925</referredKeyID>
<mandatory>true</mandatory>
<transferable>true</transferable>
<rely>false</rely>
<columnDependencyConstraintGenerateInDDL>true</columnDependencyConstraintGenerateInDDL>
</FKIndexAssociation>