<?xml version = '1.0' encoding = 'UTF-8'?>
<FKIndexAssociation class="oracle.dbtools.crest.model.design.relational.FKIndexAssociation" directorySegmentName="seg_0" id="93C0EE2D-A1D4-D23E-26DB-5737D0D30DC5" containerWithKeyObject="94F6AF0B-069B-7687-6A98-12DF3A56E6AC" localFKIndex="44F2496A-8615-7472-38CD-4880728A664E" name="language_code_FK">
<createdBy>eggeek</createdBy>
<createdTime>2016-05-25 13:06:09 UTC</createdTime>
<generatorID>5E1AB854-5336-E089-5EC8-AE4BD59E8F09</generatorID>
<ownerDesignName>combine</ownerDesignName>
<importedID>EAF8B72D-F9BB-7044-1425-C88DC3B7F532</importedID>
<deleteRule>NO ACTION</deleteRule>
<referredTableID>E937D8FA-778C-3744-5635-978389DCDE03</referredTableID>
<keyObject>F448FFEC-8AEC-97F5-2D79-CC24C02F26A6</keyObject>
<referredKeyID>F448FFEC-8AEC-97F5-2D79-CC24C02F26A6</referredKeyID>
<mandatory>true</mandatory>
<transferable>true</transferable>
<rely>false</rely>
<columnDependencyConstraintGenerateInDDL>true</columnDependencyConstraintGenerateInDDL>
</FKIndexAssociation>