<?xml version = '1.0' encoding = 'UTF-8'?>
<FKIndexAssociation class="oracle.dbtools.crest.model.design.relational.FKIndexAssociation" directorySegmentName="seg_0" id="95FAE7E7-0A98-D151-86CA-84B12B04F783" containerWithKeyObject="4A3F2E41-B196-730D-A6A6-9643853128E2" localFKIndex="5B367920-4D52-16D7-C05C-A6C567CA1BD7" name="trip_location_FK">
<createdBy>eggeek</createdBy>
<createdTime>2016-05-25 13:06:09 UTC</createdTime>
<generatorID>6D9031C1-0D76-5F4E-B738-B8AC6FE3BA1F</generatorID>
<ownerDesignName>combine</ownerDesignName>
<importedID>0EAD3941-5E81-EC47-9382-CCD14E952293</importedID>
<deleteRule>NO ACTION</deleteRule>
<referredTableID>0BD34269-A11E-6AA3-BF23-9928969FC017</referredTableID>
<keyObject>FA3628C8-366F-5A2E-B66F-E43FE407D5EE</keyObject>
<referredKeyID>FA3628C8-366F-5A2E-B66F-E43FE407D5EE</referredKeyID>
<mandatory>true</mandatory>
<transferable>true</transferable>
<rely>false</rely>
<columnDependencyConstraintGenerateInDDL>true</columnDependencyConstraintGenerateInDDL>
</FKIndexAssociation>