<?xml version = '1.0' encoding = 'UTF-8'?>
<FKIndexAssociation class="oracle.dbtools.crest.model.design.relational.FKIndexAssociation" directorySegmentName="seg_0" id="E62DFD41-D6B9-504B-6C9D-7CA24EACE62B" containerWithKeyObject="94F6AF0B-069B-7687-6A98-12DF3A56E6AC" localFKIndex="958A8091-8C3F-A252-2E28-DB6EB77BE8F9" name="languages_official_FK">
<createdBy>eggeek</createdBy>
<createdTime>2016-05-25 13:06:09 UTC</createdTime>
<generatorID>124EA59E-EDC0-0460-8CB1-CA945F43A256</generatorID>
<ownerDesignName>combine</ownerDesignName>
<importedID>354E0400-E7F2-37DC-870E-B996273A1FFE</importedID>
<deleteRule>NO ACTION</deleteRule>
<referredTableID>93C14849-67ED-02F0-8AE8-520FBF5B5A3C</referredTableID>
<keyObject>B2F9030D-1105-B786-7E03-9CDC1C68D829</keyObject>
<referredKeyID>B2F9030D-1105-B786-7E03-9CDC1C68D829</referredKeyID>
<mandatory>true</mandatory>
<transferable>true</transferable>
<rely>false</rely>
<columnDependencyConstraintGenerateInDDL>true</columnDependencyConstraintGenerateInDDL>
</FKIndexAssociation>