<?xml version = '1.0' encoding = 'UTF-8'?>
<FKIndexAssociation class="oracle.dbtools.crest.model.design.relational.FKIndexAssociation" directorySegmentName="seg_0" id="FB3F2081-5E3E-21DC-8C83-556F7CB4D3F8" containerWithKeyObject="0C350AC5-94C5-767C-6E8C-9E2ECBE0FD19" localFKIndex="56B39413-4A94-667B-A7AB-0F296D4E5EE6" name="action_vehicle_FK">
<createdBy>eggeek</createdBy>
<createdTime>2016-05-25 13:06:09 UTC</createdTime>
<generatorID>FF914960-C556-7144-91FA-0066ACE59653</generatorID>
<ownerDesignName>combine</ownerDesignName>
<importedID>F614AEED-8B4B-E3BF-E571-DB49E3CB0F0E</importedID>
<deleteRule>NO ACTION</deleteRule>
<referredTableID>87D2733C-9B41-5779-1F72-5C2F4960CA12</referredTableID>
<keyObject>55B81014-D639-5170-0736-D92F44ED47DA</keyObject>
<referredKeyID>55B81014-D639-5170-0736-D92F44ED47DA</referredKeyID>
<mandatory>true</mandatory>
<transferable>true</transferable>
<rely>false</rely>
<columnDependencyConstraintGenerateInDDL>true</columnDependencyConstraintGenerateInDDL>
</FKIndexAssociation>