<?xml version = '1.0' encoding = 'UTF-8'?>
<Entity class="oracle.dbtools.crest.model.design.logical.Entity" directorySegmentName="seg_0" id="308B92D6-D6A3-9690-A58B-6F850BF9CF82" name="location_type">
<createdBy>eggeek</createdBy>
<createdTime>2016-05-25 13:06:09 UTC</createdTime>
<ownerDesignName>combine</ownerDesignName>
<importedID>AEF1CD7A-7C28-6B3A-9A45-45DC3ED41BEC</importedID>
<engineerTo>
<item key="E5B38EE0-DA46-42B9-48DD-4CCE0C95A07A" value="true"/>
</engineerTo>
<adequatelyNormalized>NO</adequatelyNormalized>
<expectedVolumes>0</expectedVolumes>
<fwdEngineeringStrategyName>Single Table</fwdEngineeringStrategyName>
<growthPercent>0</growthPercent>
<growthType>Year</growthType>
<maxVolumes>9999999</maxVolumes>
<minVolumes>0</minVolumes>
<normalForm>Third</normalForm>
<attributes itemClass="oracle.dbtools.crest.model.design.logical.Attribute">
<Attribute name="ltype_id" id="AC5E02BB-0EE5-ADC0-F4A2-D2F14A161B88">
<createdBy>eggeek</createdBy>
<createdTime>2016-05-25 13:06:09 UTC</createdTime>
<comment>location type id</comment>
<ownerDesignName>combine</ownerDesignName>
<importedID>47D36D4A-1DC5-DEDA-1F17-2B6DB028DD36</importedID>
<engineerTo>
<item key="E5B38EE0-DA46-42B9-48DD-4CCE0C95A07A" value="true"/>
</engineerTo>
<useDomainConstraints>false</useDomainConstraints>
<use>1</use>
<logicalDatatype>LOGDT019</logicalDatatype>
<dataTypeScale>7</dataTypeScale>
<ownDataTypeParameters>,,7</ownDataTypeParameters>
</Attribute>
<Attribute name="ltype_name" id="ED81086D-91E1-1AAA-D837-6E7C99DE2E06">
<createdBy>eggeek</createdBy>
<createdTime>2016-05-25 13:06:09 UTC</createdTime>
<comment>location type name</comment>
<ownerDesignName>combine</ownerDesignName>
<importedID>731EAA48-3D6E-936D-ACC7-D46AB0E0AFD1</importedID>
<engineerTo>
<item key="E5B38EE0-DA46-42B9-48DD-4CCE0C95A07A" value="true"/>
</engineerTo>
<useDomainConstraints>false</useDomainConstraints>
<use>1</use>
<logicalDatatype>LOGDT024</logicalDatatype>
<dataTypeSize>100</dataTypeSize>
<ownDataTypeParameters>100,,</ownDataTypeParameters>
</Attribute>
</attributes>
<identifiers itemClass="oracle.dbtools.crest.model.design.logical.CandidateKey">
<identifier id="B0B2C457-4087-50A6-BC63-4BA3343A5F6B" name="location_type_PK">
<createdBy>eggeek</createdBy>
<createdTime>2016-05-25 13:06:09 UTC</createdTime>
<ownerDesignName>combine</ownerDesignName>
<shouldEngineer>false</shouldEngineer>
<importedID>9971BEFE-4D4F-6057-5635-468659B3EF47</importedID>
<engineerTo>
<item key="E5B38EE0-DA46-42B9-48DD-4CCE0C95A07A" value="false"/>
</engineerTo>
<pk>true</pk>
<usedAttributes>
<attributeRef>AC5E02BB-0EE5-ADC0-F4A2-D2F14A161B88</attributeRef>
</usedAttributes>
</identifier>
<identifier id="7637C578-82F2-2584-4CFB-C4318AA1418C" name="ltype_name_UN">
<createdBy>eggeek</createdBy>
<createdTime>2016-05-25 23:50:02 UTC</createdTime>
<generatorID>8620BE24-DC45-3B0A-DA3F-6BA37AFCFAF7</generatorID>
<ownerDesignName>combine</ownerDesignName>
<shouldEngineer>false</shouldEngineer>
<engineerTo>
<item key="E5B38EE0-DA46-42B9-48DD-4CCE0C95A07A" value="false"/>
</engineerTo>
<usedAttributes>
<attributeRef>ED81086D-91E1-1AAA-D837-6E7C99DE2E06</attributeRef>
</usedAttributes>
</identifier>
</identifiers>
</Entity>