<?xml version = '1.0' encoding = 'UTF-8'?>
<Entity class="oracle.dbtools.crest.model.design.logical.Entity" directorySegmentName="seg_0" id="67ED0068-A8D0-9C4D-BCDF-B4B58533C97B" name="vehicle_features">
<createdBy>eggeek</createdBy>
<createdTime>2016-05-25 13:06:09 UTC</createdTime>
<ownerDesignName>combine</ownerDesignName>
<importedID>58A370D2-2B90-C4C5-4DA4-4B71518600D7</importedID>
<engineerTo>
<item key="E5B38EE0-DA46-42B9-48DD-4CCE0C95A07A" value="true"/>
</engineerTo>
<adequatelyNormalized>NO</adequatelyNormalized>
<expectedVolumes>0</expectedVolumes>
<fwdEngineeringStrategyName>Single Table</fwdEngineeringStrategyName>
<growthPercent>0</growthPercent>
<growthType>Year</growthType>
<maxVolumes>9999999</maxVolumes>
<minVolumes>0</minVolumes>
<normalForm>Third</normalForm>
<attributes itemClass="oracle.dbtools.crest.model.design.logical.Attribute">
<Attribute name="vehicle_vin" id="2103384F-7940-2876-1DA1-31B48723F1C0">
<createdBy>eggeek</createdBy>
<createdTime>2016-05-25 13:06:09 UTC</createdTime>
<generatorID>6474675F-B99D-BEF3-4E25-F3F9EA1D9B93</generatorID>
<ownerDesignName>combine</ownerDesignName>
<importedID>AE3CA5F6-A2CB-3022-65CD-A502BC2834F9</importedID>
<engineerTo>
<item key="E5B38EE0-DA46-42B9-48DD-4CCE0C95A07A" value="true"/>
</engineerTo>
<referedAttribute>10BF05F8-8571-CD5E-23FD-090315564CD2</referedAttribute>
<useDomainConstraints>false</useDomainConstraints>
<use>1</use>
<logicalDatatype>LOGDT024</logicalDatatype>
<dataTypeSize>20</dataTypeSize>
<ownDataTypeParameters>20,,</ownDataTypeParameters>
</Attribute>
<Attribute name="feature_id" id="2BE01DBD-BBE4-37BE-817C-6EE77947512C">
<createdBy>eggeek</createdBy>
<createdTime>2016-05-25 13:06:09 UTC</createdTime>
<generatorID>72664C6B-01FA-C797-5B10-BB8114A5A17A</generatorID>
<ownerDesignName>combine</ownerDesignName>
<importedID>5049C367-C33B-C4C0-A3EE-00415F46B116</importedID>
<engineerTo>
<item key="E5B38EE0-DA46-42B9-48DD-4CCE0C95A07A" value="true"/>
</engineerTo>
<referedAttribute>FF1C4F53-45B2-4099-567F-D5E1FCB96F4E</referedAttribute>
<useDomainConstraints>false</useDomainConstraints>
<use>1</use>
<logicalDatatype>LOGDT019</logicalDatatype>
<dataTypeScale>7</dataTypeScale>
<ownDataTypeParameters>,,7</ownDataTypeParameters>
</Attribute>
</attributes>
<identifiers itemClass="oracle.dbtools.crest.model.design.logical.CandidateKey">
<identifier id="D8E71774-377D-7AE1-DD0A-12CC71EDB944" name="vehicle_features_PK">
<createdBy>eggeek</createdBy>
<createdTime>2016-05-25 13:06:09 UTC</createdTime>
<ownerDesignName>combine</ownerDesignName>
<shouldEngineer>false</shouldEngineer>
<importedID>07C311C1-E7F2-361D-AA56-2578CE8BACC4</importedID>
<engineerTo>
<item key="E5B38EE0-DA46-42B9-48DD-4CCE0C95A07A" value="false"/>
</engineerTo>
<pk>true</pk>
<usedAttributes>
<attributeRef>2103384F-7940-2876-1DA1-31B48723F1C0</attributeRef>
<attributeRef>2BE01DBD-BBE4-37BE-817C-6EE77947512C</attributeRef>
</usedAttributes>
</identifier>
</identifiers>
</Entity>