<?xml version = '1.0' encoding = 'UTF-8'?>
<Entity class="oracle.dbtools.crest.model.design.logical.Entity" directorySegmentName="seg_0" id="790130AB-A919-0A64-C1CF-E0B8A4375C3A" name="Colour">
<createdBy>eggeek</createdBy>
<createdTime>2016-05-25 13:06:09 UTC</createdTime>
<ownerDesignName>combine</ownerDesignName>
<importedID>C6CF9796-4481-8B4D-B62D-D71A985C0561</importedID>
<engineerTo>
<item key="E5B38EE0-DA46-42B9-48DD-4CCE0C95A07A" value="true"/>
</engineerTo>
<adequatelyNormalized>NO</adequatelyNormalized>
<expectedVolumes>0</expectedVolumes>
<fwdEngineeringStrategyName>Single Table</fwdEngineeringStrategyName>
<growthPercent>0</growthPercent>
<growthType>Year</growthType>
<maxVolumes>9999999</maxVolumes>
<minVolumes>0</minVolumes>
<normalForm>Third</normalForm>
<attributes itemClass="oracle.dbtools.crest.model.design.logical.Attribute">
<Attribute name="colour_id" id="31B7E42E-5BB8-8D84-C8D1-4E925FE78C37">
<createdBy>eggeek</createdBy>
<createdTime>2016-05-25 13:06:09 UTC</createdTime>
<ownerDesignName>combine</ownerDesignName>
<importedID>700D03BC-3175-0D5D-F958-C58B46289D81</importedID>
<engineerTo>
<item key="E5B38EE0-DA46-42B9-48DD-4CCE0C95A07A" value="true"/>
</engineerTo>
<useDomainConstraints>false</useDomainConstraints>
<use>1</use>
<logicalDatatype>LOGDT019</logicalDatatype>
<dataTypeScale>7</dataTypeScale>
<ownDataTypeParameters>,,7</ownDataTypeParameters>
</Attribute>
<Attribute name="colour_name" id="7D0BA3A5-8243-9297-D58C-BA9E1566B983">
<createdBy>eggeek</createdBy>
<createdTime>2016-05-25 13:06:09 UTC</createdTime>
<ownerDesignName>combine</ownerDesignName>
<importedID>A4B9B8C8-1158-5E6E-DEE1-9A6F3971AA64</importedID>
<engineerTo>
<item key="E5B38EE0-DA46-42B9-48DD-4CCE0C95A07A" value="true"/>
</engineerTo>
<useDomainConstraints>false</useDomainConstraints>
<use>1</use>
<logicalDatatype>LOGDT024</logicalDatatype>
<dataTypeSize>20</dataTypeSize>
<ownDataTypeParameters>20,,</ownDataTypeParameters>
</Attribute>
</attributes>
<identifiers itemClass="oracle.dbtools.crest.model.design.logical.CandidateKey">
<identifier id="D9B2701B-51A5-DA40-BA3E-9E43E6378A26" name="Colour_PK">
<createdBy>eggeek</createdBy>
<createdTime>2016-05-25 13:06:09 UTC</createdTime>
<ownerDesignName>combine</ownerDesignName>
<shouldEngineer>false</shouldEngineer>
<importedID>F8EA62E5-8982-9A8A-49E1-3CE2D031ACEA</importedID>
<engineerTo>
<item key="E5B38EE0-DA46-42B9-48DD-4CCE0C95A07A" value="false"/>
</engineerTo>
<pk>true</pk>
<usedAttributes>
<attributeRef>31B7E42E-5BB8-8D84-C8D1-4E925FE78C37</attributeRef>
</usedAttributes>
</identifier>
<identifier id="E41421A8-CB26-3716-6C6D-3DCC4026C65E" name="colour_name_UN">
<createdBy>eggeek</createdBy>
<createdTime>2016-05-25 23:50:02 UTC</createdTime>
<generatorID>2F68A9F5-5576-671E-6E93-5C766B7C160A</generatorID>
<ownerDesignName>combine</ownerDesignName>
<shouldEngineer>false</shouldEngineer>
<engineerTo>
<item key="E5B38EE0-DA46-42B9-48DD-4CCE0C95A07A" value="false"/>
</engineerTo>
<usedAttributes>
<attributeRef>7D0BA3A5-8243-9297-D58C-BA9E1566B983</attributeRef>
</usedAttributes>
</identifier>
</identifiers>
</Entity>