<?xml version = '1.0' encoding = 'UTF-8'?>
<Entity class="oracle.dbtools.crest.model.design.logical.Entity" directorySegmentName="seg_0" id="7E43C98D-2059-B9C7-8E76-287BB6E1EA32" name="courses_available">
<createdBy>eggeek</createdBy>
<createdTime>2016-05-25 13:06:09 UTC</createdTime>
<ownerDesignName>combine</ownerDesignName>
<importedID>ACBDBB8A-61AE-82FE-4889-1FEB73B70D0C</importedID>
<engineerTo>
<item key="E5B38EE0-DA46-42B9-48DD-4CCE0C95A07A" value="true"/>
</engineerTo>
<adequatelyNormalized>NO</adequatelyNormalized>
<expectedVolumes>0</expectedVolumes>
<fwdEngineeringStrategyName>Single Table</fwdEngineeringStrategyName>
<growthPercent>0</growthPercent>
<growthType>Year</growthType>
<maxVolumes>9999999</maxVolumes>
<minVolumes>0</minVolumes>
<normalForm>Third</normalForm>
<attributes itemClass="oracle.dbtools.crest.model.design.logical.Attribute">
<Attribute name="course_code" id="C679C1C1-6D5B-1B9C-4307-12EB79EFA339">
<createdBy>eggeek</createdBy>
<createdTime>2016-05-25 13:06:09 UTC</createdTime>
<comment>look up table. course code is the primary key.</comment>
<ownerDesignName>combine</ownerDesignName>
<importedID>40921C76-6BD8-391F-2F08-E1E1522EAD9E</importedID>
<engineerTo>
<item key="E5B38EE0-DA46-42B9-48DD-4CCE0C95A07A" value="true"/>
</engineerTo>
<useDomainConstraints>false</useDomainConstraints>
<use>1</use>
<logicalDatatype>LOGDT024</logicalDatatype>
<dataTypeSize>10</dataTypeSize>
<ownDataTypeParameters>10,,</ownDataTypeParameters>
</Attribute>
<Attribute name="course_name" id="0D586DB7-12AF-82B8-4F7C-3E48C87447D3">
<createdBy>eggeek</createdBy>
<createdTime>2016-05-25 13:06:09 UTC</createdTime>
<comment>course name</comment>
<ownerDesignName>combine</ownerDesignName>
<importedID>76071DA0-86DD-3C57-8570-9FDFD7E33F99</importedID>
<engineerTo>
<item key="E5B38EE0-DA46-42B9-48DD-4CCE0C95A07A" value="true"/>
</engineerTo>
<useDomainConstraints>false</useDomainConstraints>
<use>1</use>
<logicalDatatype>LOGDT024</logicalDatatype>
<dataTypeSize>20</dataTypeSize>
<ownDataTypeParameters>20,,</ownDataTypeParameters>
</Attribute>
<Attribute name="course_duration" id="D634750E-22E3-2368-10BE-62A46CFACFED">
<createdBy>eggeek</createdBy>
<createdTime>2016-05-25 13:06:09 UTC</createdTime>
<comment>duration of course in days weeks or months</comment>
<ownerDesignName>combine</ownerDesignName>
<importedID>85123D13-5C39-491F-A192-92ABFB1F8B73</importedID>
<engineerTo>
<item key="E5B38EE0-DA46-42B9-48DD-4CCE0C95A07A" value="true"/>
</engineerTo>
<constraintName>chk_course_duration</constraintName>
<useDomainConstraints>false</useDomainConstraints>
<use>1</use>
<logicalDatatype>LOGDT019</logicalDatatype>
<dataTypeScale>7</dataTypeScale>
<checkConstraint>
<implementationDef dbType="Oracle Database 11g" definition="course_duration between 1 and 5"/>
</checkConstraint>
<ownDataTypeParameters>,,7</ownDataTypeParameters>
</Attribute>
</attributes>
<identifiers itemClass="oracle.dbtools.crest.model.design.logical.CandidateKey">
<identifier id="DA2AF5C8-040E-517A-6753-55ECE341A3E4" name="courses_available_PK">
<createdBy>eggeek</createdBy>
<createdTime>2016-05-25 13:06:09 UTC</createdTime>
<ownerDesignName>combine</ownerDesignName>
<shouldEngineer>false</shouldEngineer>
<importedID>4D84DE77-D96F-6679-B76F-E46598FDA94D</importedID>
<engineerTo>
<item key="E5B38EE0-DA46-42B9-48DD-4CCE0C95A07A" value="false"/>
</engineerTo>
<pk>true</pk>
<usedAttributes>
<attributeRef>C679C1C1-6D5B-1B9C-4307-12EB79EFA339</attributeRef>
</usedAttributes>
</identifier>
</identifiers>
</Entity>