<?xml version = '1.0' encoding = 'UTF-8'?>
<Diagram class="oracle.dbtools.crest.swingui.relational.DPVRelational" name="Relational_1" id="6FEAE412-B4EC-3F7B-F6FA-48722252C915">
<createdBy>eggeek</createdBy>
<modifiedBy>eggeek</modifiedBy>
<createdTime>2016-05-25 13:06:09 UTC</createdTime>
<autoRoute>false</autoRoute>
<boxInbox>true</boxInbox>
<showLegend>false</showLegend>
<showLabels>false</showLabels>
<showRelAttributes>false</showRelAttributes>
<gridEnabled>false</gridEnabled>
<showGrid>false</showGrid>
<diagramColor>-1</diagramColor>
<display>false</display>
<notation>1</notation>
<objectViews>
<OView class="oracle.dbtools.crest.swingui.relational.TVTable" oid="0BD34269-A11E-6AA3-BF23-9928969FC017" otype="Table" vid="DD1AB877-73C8-CC2D-F6E9-C05ABAA57BE7">
<hideElementsInCurrentOnly>false</hideElementsInCurrentOnly>
<bounds x="327" y="496" width="214" height="134"/>
</OView>
<OView class="oracle.dbtools.crest.swingui.relational.TVTable" oid="0C350AC5-94C5-767C-6E8C-9E2ECBE0FD19" otype="Table" vid="3D6B6FF4-CB37-E63C-9038-A59AF17CD703">
<hideElementsInCurrentOnly>false</hideElementsInCurrentOnly>
<bounds x="680" y="47" width="225" height="142"/>
</OView>
<OView class="oracle.dbtools.crest.swingui.relational.TVTable" oid="2FBD0606-19B6-DB0B-DE07-188E82C37D1E" otype="Table" vid="11B41EBF-9CC6-7D3C-64D5-EE11BB2124F1">
<hideElementsInCurrentOnly>false</hideElementsInCurrentOnly>
<bounds x="1372" y="823" width="169" height="178"/>
</OView>
<OView class="oracle.dbtools.crest.swingui.relational.TVTable" oid="3CD6D028-11B8-E1CA-430A-B65295763E60" otype="Table" vid="86917827-DE52-66F0-2A88-306E8672A6F6">
<hideElementsInCurrentOnly>false</hideElementsInCurrentOnly>
<bounds x="1371" y="686" width="210" height="108"/>
</OView>
<OView class="oracle.dbtools.crest.swingui.relational.TVTable" oid="4A3F2E41-B196-730D-A6A6-9643853128E2" otype="Table" vid="6B5092BC-0FB6-A7C7-4BB9-508AFD6596BC">
<hideElementsInCurrentOnly>false</hideElementsInCurrentOnly>
<bounds x="329" y="700" width="214" height="171"/>
</OView>
<OView class="oracle.dbtools.crest.swingui.relational.TVTable" oid="4D84B554-988E-D72E-E815-4476BCA749E5" otype="Table" vid="8A54DA91-CE3C-728E-A691-5DD0D7E769A0">
<hideElementsInCurrentOnly>false</hideElementsInCurrentOnly>
<bounds x="323" y="319" width="221" height="142"/>
</OView>
<OView class="oracle.dbtools.crest.swingui.relational.TVTable" oid="6B31E837-E400-0FEB-863D-9049B459A7D8" otype="Table" vid="648D0920-6D25-3D7C-C3C3-613A0AC89AD6">
<hideElementsInCurrentOnly>false</hideElementsInCurrentOnly>
<bounds x="1001" y="59" width="168" height="80"/>
</OView>
<OView class="oracle.dbtools.crest.swingui.relational.TVTable" oid="7641495A-0A0E-706E-D49F-3BCFE6224AC8" otype="Table" vid="3CCF74FE-8392-5F20-C1FE-E7FF8CEAC4AC">
<hideElementsInCurrentOnly>false</hideElementsInCurrentOnly>
<bounds x="954" y="895" width="132" height="82"/>
</OView>
<OView class="oracle.dbtools.crest.swingui.relational.TVTable" oid="7A19F53B-A55B-107A-B1FA-3FCC05062404" otype="Table" vid="7331A62E-428B-D25B-5EEF-EC9860FEC45D">
<hideElementsInCurrentOnly>false</hideElementsInCurrentOnly>
<bounds x="3" y="501" width="184" height="104"/>
</OView>
<OView class="oracle.dbtools.crest.swingui.relational.TVTable" oid="87D2733C-9B41-5779-1F72-5C2F4960CA12" otype="Table" vid="0CA5099A-D966-A89A-AA49-AE2EAF25D47A">
<hideElementsInCurrentOnly>false</hideElementsInCurrentOnly>
<bounds x="331" y="52" width="221" height="164"/>
</OView>
<OView class="oracle.dbtools.crest.swingui.relational.TVTable" oid="93C14849-67ED-02F0-8AE8-520FBF5B5A3C" otype="Table" vid="7C60FB70-753A-A9DE-47AD-4FCCE0BAF11A">
<hideElementsInCurrentOnly>false</hideElementsInCurrentOnly>
<bounds x="1758" y="633" width="134" height="131"/>
</OView>
<OView class="oracle.dbtools.crest.swingui.relational.TVTable" oid="94F6AF0B-069B-7687-6A98-12DF3A56E6AC" otype="Table" vid="0CBB64AD-C279-5F21-FE89-1FEED8912358">
<hideElementsInCurrentOnly>false</hideElementsInCurrentOnly>
<bounds x="1727" y="886" width="215" height="108"/>
</OView>
<OView class="oracle.dbtools.crest.swingui.relational.TVTable" oid="A73CDB24-85FA-814A-06FB-3DCE949A5577" otype="Table" vid="470B4FCD-ED9B-76BE-6FEE-4DB276E5A3F8">
<hideElementsInCurrentOnly>false</hideElementsInCurrentOnly>
<bounds x="12" y="172" width="196" height="111"/>
</OView>
<OView class="oracle.dbtools.crest.swingui.relational.TVTable" oid="B1F2B3D3-368E-E141-528E-EAE9677F0549" otype="Table" vid="24FF0135-6DFD-2DD8-39B1-1D05A08D2037">
<hideElementsInCurrentOnly>false</hideElementsInCurrentOnly>
<bounds x="888" y="364" width="262" height="315"/>
</OView>
<OView class="oracle.dbtools.crest.swingui.relational.TVTable" oid="BB69C38E-C725-EB39-0737-1E73CE140B49" otype="Table" vid="C1F96627-7788-00EC-2372-FF98D318F32C">
<hideElementsInCurrentOnly>false</hideElementsInCurrentOnly>
<bounds x="5" y="356" width="190" height="112"/>
</OView>
<OView class="oracle.dbtools.crest.swingui.relational.TVTable" oid="BD8B3C07-5427-E7A9-D15A-1E299B1C074C" otype="Table" vid="289D51EF-074D-05C0-B644-20CC5414C4F3">
<hideElementsInCurrentOnly>false</hideElementsInCurrentOnly>
<bounds x="7" y="44" width="192" height="95"/>
</OView>
<OView class="oracle.dbtools.crest.swingui.relational.TVTable" oid="DB40F7AA-7109-A075-BB4E-9841FF7BDAD8" otype="Table" vid="8C2DCFD5-EFCA-A7B6-7FDD-CE13114A45B2">
<hideElementsInCurrentOnly>false</hideElementsInCurrentOnly>
<bounds x="958" y="1078" width="200" height="131"/>
</OView>
<OView class="oracle.dbtools.crest.swingui.relational.TVTable" oid="E2B8A88F-3B7A-0221-93BE-D577FFB69DE0" otype="Table" vid="E31F3C3E-EB89-B144-A665-E2B8AFFC1B78">
<hideElementsInCurrentOnly>false</hideElementsInCurrentOnly>
<bounds x="1501" y="1067" width="187" height="123"/>
</OView>
<OView class="oracle.dbtools.crest.swingui.relational.TVTable" oid="E937D8FA-778C-3744-5635-978389DCDE03" otype="Table" vid="DB478910-5A95-929B-DFC5-7C4B3C4E217E">
<hideElementsInCurrentOnly>false</hideElementsInCurrentOnly>
<bounds x="1803" y="1083" width="141" height="107"/>
</OView>
</objectViews>
<connectors>
<Connector class="oracle.dbtools.crest.swingui.relational.TVFKRelation" oid="0124CA25-E493-4F83-70FC-A0FE015A4D25" otype="FKIndexAssociation" vid_source="8A54DA91-CE3C-728E-A691-5DD0D7E769A0" vid_target="24FF0135-6DFD-2DD8-39B1-1D05A08D2037">
<hideElementsInCurrentOnly>false</hideElementsInCurrentOnly>
<lineWidth>1</lineWidth>
<points>
<point x="544" y="412"/>
<point x="888" y="412"/>
</points>
</Connector>
<Connector class="oracle.dbtools.crest.swingui.relational.TVFKRelation" oid="0FAC67A8-3A83-531B-66E5-AF9000365A31" otype="FKIndexAssociation" vid_source="DB478910-5A95-929B-DFC5-7C4B3C4E217E" vid_target="E31F3C3E-EB89-B144-A665-E2B8AFFC1B78">
<hideElementsInCurrentOnly>false</hideElementsInCurrentOnly>
<lineWidth>1</lineWidth>
<points>
<point x="1803" y="1136"/>
<point x="1688" y="1136"/>
</points>
</Connector>
<Connector class="oracle.dbtools.crest.swingui.relational.TVFKRelation" oid="111B70AA-2535-48C5-E373-DD320B66E65A" otype="FKIndexAssociation" vid_source="DD1AB877-73C8-CC2D-F6E9-C05ABAA57BE7" vid_target="24FF0135-6DFD-2DD8-39B1-1D05A08D2037">
<hideElementsInCurrentOnly>false</hideElementsInCurrentOnly>
<lineWidth>1</lineWidth>
<points>
<point x="541" y="533"/>
<point x="888" y="533"/>
</points>
</Connector>
<Connector class="oracle.dbtools.crest.swingui.relational.TVFKRelation" oid="15ED7CCA-7509-8B09-26F4-6EEE4B458E42" otype="FKIndexAssociation" vid_source="11B41EBF-9CC6-7D3C-64D5-EE11BB2124F1" vid_target="E31F3C3E-EB89-B144-A665-E2B8AFFC1B78">
<hideElementsInCurrentOnly>false</hideElementsInCurrentOnly>
<lineWidth>1</lineWidth>
<points>
<point x="1521" y="1001"/>
<point x="1521" y="1067"/>
</points>
</Connector>
<Connector class="oracle.dbtools.crest.swingui.relational.TVFKRelation" oid="30444F83-D2E2-CE52-E878-6681E8FC7C0D" otype="FKIndexAssociation" vid_source="DD1AB877-73C8-CC2D-F6E9-C05ABAA57BE7" vid_target="24FF0135-6DFD-2DD8-39B1-1D05A08D2037">
<hideElementsInCurrentOnly>false</hideElementsInCurrentOnly>
<lineWidth>1</lineWidth>
<points>
<point x="541" y="603"/>
<point x="888" y="603"/>
</points>
</Connector>
<Connector class="oracle.dbtools.crest.swingui.relational.TVFKRelation" oid="41FA2C02-9085-3533-0576-2B6AD52E4F72" otype="FKIndexAssociation" vid_source="11B41EBF-9CC6-7D3C-64D5-EE11BB2124F1" vid_target="8C2DCFD5-EFCA-A7B6-7FDD-CE13114A45B2">
<hideElementsInCurrentOnly>false</hideElementsInCurrentOnly>
<lineWidth>1</lineWidth>
<points>
<point x="1372" y="912"/>
<point x="1158" y="1143"/>
</points>
</Connector>
<Connector class="oracle.dbtools.crest.swingui.relational.TVFKRelation" oid="46D89D51-DCA0-A63A-45A1-8BE78EA021D2" otype="FKIndexAssociation" vid_source="289D51EF-074D-05C0-B644-20CC5414C4F3" vid_target="0CA5099A-D966-A89A-AA49-AE2EAF25D47A">
<hideElementsInCurrentOnly>false</hideElementsInCurrentOnly>
<lineWidth>1</lineWidth>
<points>
<point x="199" y="95"/>
<point x="331" y="95"/>
</points>
</Connector>
<Connector class="oracle.dbtools.crest.swingui.relational.TVFKRelation" oid="52706A96-2320-B49E-39B1-880B20DA2031" otype="FKIndexAssociation" vid_source="648D0920-6D25-3D7C-C3C3-613A0AC89AD6" vid_target="3D6B6FF4-CB37-E63C-9038-A59AF17CD703">
<hideElementsInCurrentOnly>false</hideElementsInCurrentOnly>
<lineWidth>1</lineWidth>
<points>
<point x="1001" y="119"/>
<point x="905" y="119"/>
</points>
</Connector>
<Connector class="oracle.dbtools.crest.swingui.relational.TVFKRelation" oid="5F314955-2C2A-F65B-0780-DF1F5CE0C72E" otype="FKIndexAssociation" vid_source="0CA5099A-D966-A89A-AA49-AE2EAF25D47A" vid_target="8A54DA91-CE3C-728E-A691-5DD0D7E769A0">
<hideElementsInCurrentOnly>false</hideElementsInCurrentOnly>
<lineWidth>1</lineWidth>
<points>
<point x="437" y="216"/>
<point x="437" y="319"/>
</points>
</Connector>
<Connector class="oracle.dbtools.crest.swingui.relational.TVFKRelation" oid="792D93C8-751F-AF01-4BEF-3CE54E10E463" otype="FKIndexAssociation" vid_source="7C60FB70-753A-A9DE-47AD-4FCCE0BAF11A" vid_target="24FF0135-6DFD-2DD8-39B1-1D05A08D2037">
<hideElementsInCurrentOnly>false</hideElementsInCurrentOnly>
<lineWidth>1</lineWidth>
<points>
<point x="1758" y="656"/>
<point x="1150" y="656"/>
</points>
</Connector>
<Connector class="oracle.dbtools.crest.swingui.relational.TVFKRelation" oid="93C0EE2D-A1D4-D23E-26DB-5737D0D30DC5" otype="FKIndexAssociation" vid_source="DB478910-5A95-929B-DFC5-7C4B3C4E217E" vid_target="0CBB64AD-C279-5F21-FE89-1FEED8912358">
<hideElementsInCurrentOnly>false</hideElementsInCurrentOnly>
<lineWidth>1</lineWidth>
<points>
<point x="1872" y="1083"/>
<point x="1872" y="994"/>
</points>
</Connector>
<Connector class="oracle.dbtools.crest.swingui.relational.TVFKRelation" oid="95FAE7E7-0A98-D151-86CA-84B12B04F783" otype="FKIndexAssociation" vid_source="DD1AB877-73C8-CC2D-F6E9-C05ABAA57BE7" vid_target="6B5092BC-0FB6-A7C7-4BB9-508AFD6596BC">
<hideElementsInCurrentOnly>false</hideElementsInCurrentOnly>
<lineWidth>1</lineWidth>
<points>
<point x="445" y="630"/>
<point x="445" y="700"/>
</points>
</Connector>
<Connector class="oracle.dbtools.crest.swingui.relational.TVFKRelation" oid="CABD0723-1E97-9770-E566-0EC1FCECD9E4" otype="FKIndexAssociation" vid_source="7331A62E-428B-D25B-5EEF-EC9860FEC45D" vid_target="DD1AB877-73C8-CC2D-F6E9-C05ABAA57BE7">
<hideElementsInCurrentOnly>false</hideElementsInCurrentOnly>
<lineWidth>1</lineWidth>
<points>
<point x="187" y="543"/>
<point x="327" y="543"/>
</points>
</Connector>
<Connector class="oracle.dbtools.crest.swingui.relational.TVFKRelation" oid="CC601EC1-F244-E56E-385D-C4CADE381D25" otype="FKIndexAssociation" vid_source="0CA5099A-D966-A89A-AA49-AE2EAF25D47A" vid_target="470B4FCD-ED9B-76BE-6FEE-4DB276E5A3F8">
<hideElementsInCurrentOnly>false</hideElementsInCurrentOnly>
<lineWidth>1</lineWidth>
<points>
<point x="331" y="194"/>
<point x="208" y="194"/>
</points>
</Connector>
<Connector class="oracle.dbtools.crest.swingui.relational.TVFKRelation" oid="D3A4AFCA-5FAC-86E5-9D06-DEB096BBFBBA" otype="FKIndexAssociation" vid_source="24FF0135-6DFD-2DD8-39B1-1D05A08D2037" vid_target="6B5092BC-0FB6-A7C7-4BB9-508AFD6596BC">
<hideElementsInCurrentOnly>false</hideElementsInCurrentOnly>
<lineWidth>1</lineWidth>
<points>
<point x="888" y="636"/>
<point x="543" y="785"/>
</points>
</Connector>
<Connector class="oracle.dbtools.crest.swingui.relational.TVFKRelation" oid="D52D666A-AD01-49CC-486C-0A5AF5747E0B" otype="FKIndexAssociation" vid_source="3CCF74FE-8392-5F20-C1FE-E7FF8CEAC4AC" vid_target="8C2DCFD5-EFCA-A7B6-7FDD-CE13114A45B2">
<hideElementsInCurrentOnly>false</hideElementsInCurrentOnly>
<lineWidth>1</lineWidth>
<points>
<point x="1012" y="977"/>
<point x="1012" y="1078"/>
</points>
</Connector>
<Connector class="oracle.dbtools.crest.swingui.relational.TVFKRelation" oid="E311F9C0-3955-75DF-13CF-5AC66328025D" otype="FKIndexAssociation" vid_source="11B41EBF-9CC6-7D3C-64D5-EE11BB2124F1" vid_target="24FF0135-6DFD-2DD8-39B1-1D05A08D2037">
<hideElementsInCurrentOnly>false</hideElementsInCurrentOnly>
<lineWidth>1</lineWidth>
<points>
<point x="1372" y="912"/>
<point x="1150" y="521"/>
</points>
</Connector>
<Connector class="oracle.dbtools.crest.swingui.relational.TVFKRelation" oid="E62DFD41-D6B9-504B-6C9D-7CA24EACE62B" otype="FKIndexAssociation" vid_source="7C60FB70-753A-A9DE-47AD-4FCCE0BAF11A" vid_target="0CBB64AD-C279-5F21-FE89-1FEED8912358">
<hideElementsInCurrentOnly>false</hideElementsInCurrentOnly>
<lineWidth>1</lineWidth>
<points>
<point x="1825" y="764"/>
<point x="1825" y="886"/>
</points>
</Connector>
<Connector class="oracle.dbtools.crest.swingui.relational.TVFKRelation" oid="F66A91FF-5435-CEE8-BDB0-F93DCE42418D" otype="FKIndexAssociation" vid_source="C1F96627-7788-00EC-2372-FF98D318F32C" vid_target="470B4FCD-ED9B-76BE-6FEE-4DB276E5A3F8">
<hideElementsInCurrentOnly>false</hideElementsInCurrentOnly>
<lineWidth>1</lineWidth>
<points>
<point x="103" y="356"/>
<point x="103" y="283"/>
</points>
</Connector>
<Connector class="oracle.dbtools.crest.swingui.relational.TVFKRelation" oid="FB3F2081-5E3E-21DC-8C83-556F7CB4D3F8" otype="FKIndexAssociation" vid_source="0CA5099A-D966-A89A-AA49-AE2EAF25D47A" vid_target="3D6B6FF4-CB37-E63C-9038-A59AF17CD703">
<hideElementsInCurrentOnly>false</hideElementsInCurrentOnly>
<lineWidth>1</lineWidth>
<points>
<point x="552" y="140"/>
<point x="680" y="140"/>
</points>
</Connector>
</connectors>
</Diagram>