<?xml version = '1.0' encoding = 'UTF-8'?>
<Relation class="oracle.dbtools.crest.model.design.logical.Relation" name="booking_location_FKv1" directorySegmentName="seg_0" id="0FE1882A-FB18-FD90-EA26-824CD4C8E1C1">
<createdBy>eggeek</createdBy>
<createdTime>2016-05-25 13:06:09 UTC</createdTime>
<ownerDesignName>combine</ownerDesignName>
<importedID>65F70CBF-BD67-B2B4-8ED9-A641EBD235E4</importedID>
<engineerTo>
<item key="E5B38EE0-DA46-42B9-48DD-4CCE0C95A07A" value="true"/>
</engineerTo>
<sourcePk>5726678D-B08B-FD57-23DE-FD1BC6D03145</sourcePk>
<identifying>true</identifying>
<nameOnSource>in</nameOnSource>
<nameOnTarget>has</nameOnTarget>
<optionalSource>true</optionalSource>
<optionalTarget>false</optionalTarget>
<sourceCardinality>1</sourceCardinality>
<sourceEntity>3BE15AD6-8413-0054-F4F3-9776DFCF7161</sourceEntity>
<targetCardinalityString>1</targetCardinalityString>
<targetEntity>C4B36A0B-467F-4893-FDA2-D1D2D5A11CFB</targetEntity>
<transferable>true</transferable>
<deleteRule>NO ACTION</deleteRule>
</Relation>