<?xml version = '1.0' encoding = 'UTF-8'?>
<Relation class="oracle.dbtools.crest.model.design.logical.Relation" name="location_type_FK" directorySegmentName="seg_0" id="4638CBAD-9C55-D5D6-E00B-630FB40694AF">
<createdBy>eggeek</createdBy>
<createdTime>2016-05-25 13:06:09 UTC</createdTime>
<ownerDesignName>combine</ownerDesignName>
<importedID>46633F9A-5EDB-9733-A5FC-8A4F89E51A4F</importedID>
<engineerTo>
<item key="E5B38EE0-DA46-42B9-48DD-4CCE0C95A07A" value="true"/>
</engineerTo>
<sourcePk>B0B2C457-4087-50A6-BC63-4BA3343A5F6B</sourcePk>
<targetPk>5726678D-B08B-FD57-23DE-FD1BC6D03145</targetPk>
<identifying>false</identifying>
<nameOnSource>on</nameOnSource>
<nameOnTarget>has</nameOnTarget>
<optionalSource>true</optionalSource>
<optionalTarget>false</optionalTarget>
<sourceCardinality>1</sourceCardinality>
<sourceEntity>308B92D6-D6A3-9690-A58B-6F850BF9CF82</sourceEntity>
<targetCardinalityString>1</targetCardinalityString>
<targetEntity>3BE15AD6-8413-0054-F4F3-9776DFCF7161</targetEntity>
<transferable>true</transferable>
<deleteRule>NO ACTION</deleteRule>
</Relation>