<?xml version = '1.0' encoding = 'UTF-8'?>
<Relation class="oracle.dbtools.crest.model.design.logical.Relation" name="booking_registration_FK" directorySegmentName="seg_0" id="809F3626-62A3-5B58-F2E4-65FDB83B0223">
<createdBy>eggeek</createdBy>
<createdTime>2016-05-25 13:06:09 UTC</createdTime>
<ownerDesignName>combine</ownerDesignName>
<importedID>20E48F79-DF92-6A15-8302-EA3EBC9DB1E8</importedID>
<engineerTo>
<item key="E5B38EE0-DA46-42B9-48DD-4CCE0C95A07A" value="true"/>
</engineerTo>
<sourcePk>E4A4EC47-6287-2D06-9A29-9FB6C4BFC66A</sourcePk>
<identifying>true</identifying>
<optionalSource>true</optionalSource>
<optionalTarget>false</optionalTarget>
<sourceCardinality>1</sourceCardinality>
<sourceEntity>064951A4-F1D2-6B1D-A692-6A9C3B4C5EAE</sourceEntity>
<targetCardinalityString>1</targetCardinalityString>
<targetEntity>C4B36A0B-467F-4893-FDA2-D1D2D5A11CFB</targetEntity>
<transferable>true</transferable>
<deleteRule>NO ACTION</deleteRule>
</Relation>