<?xml version = '1.0' encoding = 'UTF-8'?>
<Relation class="oracle.dbtools.crest.model.design.logical.Relation" name="registration_vehicle_FK" directorySegmentName="seg_0" id="CF3CD90F-CE92-3843-9D4E-AAF165CF02EC">
<createdBy>eggeek</createdBy>
<createdTime>2016-05-25 13:06:09 UTC</createdTime>
<ownerDesignName>combine</ownerDesignName>
<importedID>9E435F8D-25DE-7426-6F96-32B143E446AA</importedID>
<engineerTo>
<item key="E5B38EE0-DA46-42B9-48DD-4CCE0C95A07A" value="true"/>
</engineerTo>
<sourcePk>E248A401-62B3-3DE4-3926-B81C3FD123C5</sourcePk>
<targetPk>E4A4EC47-6287-2D06-9A29-9FB6C4BFC66A</targetPk>
<identifying>false</identifying>
<nameOnSource>registered</nameOnSource>
<nameOnTarget>has</nameOnTarget>
<optionalSource>true</optionalSource>
<optionalTarget>false</optionalTarget>
<sourceCardinality>1</sourceCardinality>
<sourceEntity>F123E006-CD6D-F34D-8AF1-1B977F74EBE1</sourceEntity>
<targetCardinalityString>1</targetCardinalityString>
<targetEntity>064951A4-F1D2-6B1D-A692-6A9C3B4C5EAE</targetEntity>
<transferable>true</transferable>
<deleteRule>NO ACTION</deleteRule>
</Relation>