<?xml version = '1.0' encoding = 'UTF-8'?>
<Relation class="oracle.dbtools.crest.model.design.logical.Relation" name="trip_booking_FK" directorySegmentName="seg_0" id="DAA68E08-CD40-DBFE-AD81-742319104E91">
<createdBy>eggeek</createdBy>
<createdTime>2016-05-25 13:06:09 UTC</createdTime>
<ownerDesignName>combine</ownerDesignName>
<importedID>BFDCE5A2-B562-CB58-42FC-4847F8CCB09F</importedID>
<engineerTo>
<item key="E5B38EE0-DA46-42B9-48DD-4CCE0C95A07A" value="true"/>
</engineerTo>
<sourcePk>888122DC-7704-A39A-30DB-1B7DD2D90691</sourcePk>
<identifying>false</identifying>
<nameOnSource>has</nameOnSource>
<nameOnTarget>in</nameOnTarget>
<optionalSource>true</optionalSource>
<optionalTarget>false</optionalTarget>
<sourceCardinality>1</sourceCardinality>
<sourceEntity>C4B36A0B-467F-4893-FDA2-D1D2D5A11CFB</sourceEntity>
<targetCardinalityString>1</targetCardinalityString>
<targetEntity>098ACCAC-8CDC-207C-3EBB-CAC476D265FB</targetEntity>
<transferable>true</transferable>
<deleteRule>NO ACTION</deleteRule>
</Relation>