<?xml version = '1.0' encoding = 'UTF-8'?>
<Relation class="oracle.dbtools.crest.model.design.logical.Relation" name="vehicle_action_FK" directorySegmentName="seg_0" id="FEDD93E7-3B74-ADD2-73DF-92B6E2B7CCD3">
<createdBy>eggeek</createdBy>
<createdTime>2016-05-25 13:06:09 UTC</createdTime>
<ownerDesignName>combine</ownerDesignName>
<importedID>4A635097-E2D5-1D0C-0192-A305DA51FAEB</importedID>
<engineerTo>
<item key="E5B38EE0-DA46-42B9-48DD-4CCE0C95A07A" value="true"/>
</engineerTo>
<sourcePk>8702A0F5-69EB-B937-ADA6-0579EC61CBC0</sourcePk>
<identifying>true</identifying>
<nameOnSource>has</nameOnSource>
<nameOnTarget>record</nameOnTarget>
<optionalSource>true</optionalSource>
<optionalTarget>false</optionalTarget>
<sourceCardinality>1</sourceCardinality>
<sourceEntity>3B1F3B77-262A-5CCC-B177-6788958E59AF</sourceEntity>
<targetCardinalityString>*</targetCardinalityString>
<targetEntity>C26A25C5-357A-4BC7-9750-73463CB9E8AF</targetEntity>
<transferable>true</transferable>
<deleteRule>NO ACTION</deleteRule>
</Relation>