<?xml version = '1.0' encoding = 'UTF-8'?>
<Table class="oracle.dbtools.crest.model.design.relational.Table" directorySegmentName="seg_0" id="0BD34269-A11E-6AA3-BF23-9928969FC017" name="location">
<createdBy>eggeek</createdBy>
<createdTime>2016-05-25 13:06:09 UTC</createdTime>
<generatorID>3BE15AD6-8413-0054-F4F3-9776DFCF7161</generatorID>
<ownerDesignName>combine</ownerDesignName>
<importedID>0EAD3941-5E81-EC47-9382-CCD14E952293</importedID>
<allowColumnReorder>false</allowColumnReorder>
<existDependencyGenerateInDDl>true</existDependencyGenerateInDDl>
<parsed>true</parsed>
<columns itemClass="oracle.dbtools.crest.model.design.relational.Column">
<Column name="location_id" id="01F772E8-0933-280B-41B7-845DA91F630C">
<createdBy>eggeek</createdBy>
<createdTime>2016-05-25 13:06:09 UTC</createdTime>
<generatorID>CF5CCFCF-79F7-138B-F34D-9E0112227A46</generatorID>
<ownerDesignName>combine</ownerDesignName>
<importedID>806DCBC6-872B-7F54-051C-67248D22B3BA</importedID>
<useDomainConstraints>false</useDomainConstraints>
<use>1</use>
<logicalDatatype>LOGDT019</logicalDatatype>
<dataTypeScale>7</dataTypeScale>
<ownDataTypeParameters>,,7</ownDataTypeParameters>
<autoIncrementColumn>true</autoIncrementColumn>
<autoIncrementCycle>false</autoIncrementCycle>
<autoIncrementGenerateTrigger>false</autoIncrementGenerateTrigger>
</Column>
<Column name="location_name" id="758561E0-D07A-5EAA-A989-4E63B4DD5CCF">
<createdBy>eggeek</createdBy>
<createdTime>2016-05-25 13:06:09 UTC</createdTime>
<generatorID>367C1010-FF4F-9F8D-C044-AF9627020872</generatorID>
<ownerDesignName>combine</ownerDesignName>
<importedID>DE24986A-106C-281F-EB1B-9EA5EA1172B0</importedID>
<useDomainConstraints>false</useDomainConstraints>
<use>1</use>
<logicalDatatype>LOGDT024</logicalDatatype>
<dataTypeSize>100</dataTypeSize>
<ownDataTypeParameters>100,,</ownDataTypeParameters>
<autoIncrementCycle>false</autoIncrementCycle>
</Column>
<Column name="location_address" id="43757BFC-3B12-A3BA-963A-0C64BDFFE20C">
<createdBy>eggeek</createdBy>
<createdTime>2016-05-25 13:06:09 UTC</createdTime>
<generatorID>50A6AE96-9719-2F38-2148-4FC722F5D385</generatorID>
<ownerDesignName>combine</ownerDesignName>
<importedID>40F792F0-D47A-EBB0-D76E-9B672A7549EF</importedID>
<useDomainConstraints>false</useDomainConstraints>
<use>1</use>
<logicalDatatype>LOGDT024</logicalDatatype>
<dataTypeSize>100</dataTypeSize>
<ownDataTypeParameters>100,,</ownDataTypeParameters>
<autoIncrementCycle>false</autoIncrementCycle>
</Column>
<Column name="ltype_id" id="2F898A9A-A438-6EAB-2830-3B3E670F9AF0">
<createdBy>eggeek</createdBy>
<createdTime>2016-05-25 13:06:09 UTC</createdTime>
<comment>location type id</comment>
<generatorID>135FC87E-9919-69C9-D6C9-C8556A33DF54</generatorID>
<ownerDesignName>combine</ownerDesignName>
<importedID>52423F9D-3C65-BEFA-9AAA-24E19570E08C</importedID>
<useDomainConstraints>false</useDomainConstraints>
<use>1</use>
<logicalDatatype>LOGDT019</logicalDatatype>
<dataTypeScale>7</dataTypeScale>
<ownDataTypeParameters>,,</ownDataTypeParameters>
<autoIncrementCycle>false</autoIncrementCycle>
<associations>
<colAssociation fkAssociation="CABD0723-1E97-9770-E566-0EC1FCECD9E4" referredColumn="2BE82BB8-39B2-4B72-2F5D-CF52752EBC4D"/>
</associations>
</Column>
</columns>
<indexes itemClass="oracle.dbtools.crest.model.design.relational.Index">
<ind_PK_UK id="FA3628C8-366F-5A2E-B66F-E43FE407D5EE" name="location_PK">
<createdBy>eggeek</createdBy>
<createdTime>2016-05-25 13:06:09 UTC</createdTime>
<generatorID>5726678D-B08B-FD57-23DE-FD1BC6D03145</generatorID>
<ownerDesignName>combine</ownerDesignName>
<importedID>661D9149-88DE-1804-C47E-1723F376DFC6</importedID>
<pk>true</pk>
<indexState>Primary Constraint</indexState>
<isSurrogateKey>false</isSurrogateKey>
<indexColumnUsage>
<colUsage columnID="01F772E8-0933-280B-41B7-845DA91F630C"/>
</indexColumnUsage>
</ind_PK_UK>
<ind_PK_UK id="6C1E545E-1664-FE01-26C1-73324AE83C3E" name="location__IDX">
<createdBy>eggeek</createdBy>
<createdTime>2016-05-25 13:06:09 UTC</createdTime>
<ownerDesignName>combine</ownerDesignName>
<importedID>7FC9571F-7E99-096E-CCE2-59764033B2B9</importedID>
<indexState>Unique Plain Index</indexState>
<isSurrogateKey>false</isSurrogateKey>
<indexColumnUsage>
<colUsage columnID="2F898A9A-A438-6EAB-2830-3B3E670F9AF0"/>
</indexColumnUsage>
</ind_PK_UK>
<ind_PK_UK id="987C1A6D-0E1B-0A74-9694-9696EB41D820" name="location_type_FK">
<createdBy>eggeek</createdBy>
<createdTime>2016-05-25 13:06:09 UTC</createdTime>
<generatorID>46633F9A-5EDB-9733-A5FC-8A4F89E51A4F</generatorID>
<ownerDesignName>combine</ownerDesignName>
<indexState>Foreign Key</indexState>
<isSurrogateKey>false</isSurrogateKey>
<indexColumnUsage>
<colUsage columnID="2F898A9A-A438-6EAB-2830-3B3E670F9AF0"/>
</indexColumnUsage>
</ind_PK_UK>
</indexes>
</Table>