<?xml version = '1.0' encoding = 'UTF-8'?>
<Table class="oracle.dbtools.crest.model.design.relational.Table" directorySegmentName="seg_0" id="2FBD0606-19B6-DB0B-DE07-188E82C37D1E" name="Driver">
<createdBy>eggeek</createdBy>
<createdTime>2016-05-25 13:06:09 UTC</createdTime>
<generatorID>3A7B2BFF-297D-B944-31B4-E4F20E62B2E7</generatorID>
<ownerDesignName>combine</ownerDesignName>
<importedID>BA13EB8E-CF49-CF0E-5E45-51EF8F06A26C</importedID>
<allowColumnReorder>false</allowColumnReorder>
<existDependencyGenerateInDDl>true</existDependencyGenerateInDDl>
<parsed>true</parsed>
<columns itemClass="oracle.dbtools.crest.model.design.relational.Column">
<Column name="driver_id" id="8F1E6033-332E-8070-D5AD-47158075CD6B">
<createdBy>eggeek</createdBy>
<createdTime>2016-05-25 13:06:09 UTC</createdTime>
<comment>driver ID as the primary key of this table</comment>
<generatorID>0378A9EF-F823-5C3A-51F4-B46F0EB34CE9</generatorID>
<ownerDesignName>combine</ownerDesignName>
<importedID>ED49BF68-BE0E-0AEF-A809-A6C28CB91119</importedID>
<useDomainConstraints>false</useDomainConstraints>
<use>1</use>
<logicalDatatype>LOGDT019</logicalDatatype>
<dataTypeScale>5</dataTypeScale>
<ownDataTypeParameters>,,5</ownDataTypeParameters>
<autoIncrementColumn>true</autoIncrementColumn>
<autoIncrementCycle>false</autoIncrementCycle>
<autoIncrementGenerateTrigger>false</autoIncrementGenerateTrigger>
</Column>
<Column name="first_name" id="A2286C0D-C6FE-AB1B-2A16-A568695672F4">
<createdBy>eggeek</createdBy>
<createdTime>2016-05-25 13:06:09 UTC</createdTime>
<comment>input driver&apos;s first name</comment>
<generatorID>43D2D515-7B1B-9870-C3FB-1C91736D5C4D</generatorID>
<ownerDesignName>combine</ownerDesignName>
<importedID>2DC3D2A0-7FEF-6094-26C0-0FF677156752</importedID>
<useDomainConstraints>false</useDomainConstraints>
<use>1</use>
<logicalDatatype>LOGDT024</logicalDatatype>
<dataTypeSize>20</dataTypeSize>
<ownDataTypeParameters>20,,</ownDataTypeParameters>
<autoIncrementCycle>false</autoIncrementCycle>
</Column>
<Column name="last_name" id="402C861F-06C7-369D-2216-F8E224CDBDF4">
<createdBy>eggeek</createdBy>
<createdTime>2016-05-25 13:06:09 UTC</createdTime>
<comment>input driver&apos;s last name</comment>
<generatorID>867B53E2-28F2-D778-C5DD-9B6C54B443EC</generatorID>
<ownerDesignName>combine</ownerDesignName>
<importedID>2E8192C5-AD23-97E1-BA31-2C608E954017</importedID>
<useDomainConstraints>false</useDomainConstraints>
<use>1</use>
<logicalDatatype>LOGDT024</logicalDatatype>
<dataTypeSize>20</dataTypeSize>
<ownDataTypeParameters>20,,</ownDataTypeParameters>
<autoIncrementCycle>false</autoIncrementCycle>
</Column>
<Column name="lincence_number" id="F4B80237-2830-075C-BE5C-6B4B1E62E5EA">
<createdBy>eggeek</createdBy>
<createdTime>2016-05-25 13:06:09 UTC</createdTime>
<comment>driver&apos;s licence number</comment>
<generatorID>961BDEBE-FB2C-93D4-E6E0-016D97493149</generatorID>
<ownerDesignName>combine</ownerDesignName>
<importedID>1D06498C-9D0A-1450-7B2D-14ADD9DFAC8C</importedID>
<useDomainConstraints>false</useDomainConstraints>
<use>1</use>
<logicalDatatype>LOGDT024</logicalDatatype>
<dataTypeSize>18</dataTypeSize>
<ownDataTypeParameters>18,,</ownDataTypeParameters>
<autoIncrementCycle>false</autoIncrementCycle>
</Column>
<Column name="date_of_birth" id="8B7FCA98-BFDF-0DC5-F826-1D02F6D914DA">
<createdBy>eggeek</createdBy>
<createdTime>2016-05-25 13:06:09 UTC</createdTime>
<comment>driver&apos;s date of birth</comment>
<generatorID>13D5D3E9-B915-77DB-5997-F1758C4C2DE0</generatorID>
<ownerDesignName>combine</ownerDesignName>
<importedID>7A03C779-2226-E271-8FBF-AF0BAB63DB8D</importedID>
<useDomainConstraints>false</useDomainConstraints>
<use>1</use>
<logicalDatatype>LOGDT007</logicalDatatype>
<ownDataTypeParameters>,,</ownDataTypeParameters>
<autoIncrementCycle>false</autoIncrementCycle>
</Column>
<Column name="clearance_level" id="B1B3F114-33CA-CA58-2406-083706537439">
<createdBy>eggeek</createdBy>
<createdTime>2016-05-25 13:06:09 UTC</createdTime>
<comment>driver&apos;s clearance level from 1- 4</comment>
<generatorID>AB161860-4D2A-FB39-ACE6-F8E01C007D7E</generatorID>
<ownerDesignName>combine</ownerDesignName>
<importedID>1279E047-6478-DA16-268D-737E6496E237</importedID>
<constraintName>chk_clearance_level</constraintName>
<useDomainConstraints>false</useDomainConstraints>
<use>1</use>
<logicalDatatype>LOGDT019</logicalDatatype>
<dataTypeScale>6</dataTypeScale>
<usesDefaultValue>true</usesDefaultValue>
<checkConstraint>
<implementationDef dbType="Oracle Database 11g" definition="clearance_level between 1 and 4"/>
</checkConstraint>
<defaultValue>1</defaultValue>
<ownDataTypeParameters>,,6</ownDataTypeParameters>
<autoIncrementCycle>false</autoIncrementCycle>
</Column>
<Column name="availability" id="8D9447F3-A84A-BEA5-32F3-294D2D523610">
<createdBy>eggeek</createdBy>
<createdTime>2016-05-25 13:06:09 UTC</createdTime>
<comment>availibility - &apos;yes&apos;, &apos;no&apos; or &apos;sus&apos;(suspended)  values only</comment>
<generatorID>F1DF2E9C-2245-CBB7-F1A6-8A3918DA5615</generatorID>
<ownerDesignName>combine</ownerDesignName>
<importedID>F85AA4DF-117C-A41E-A373-1798A5C6812D</importedID>
<constraintName>chk_availability</constraintName>
<useDomainConstraints>false</useDomainConstraints>
<use>1</use>
<logicalDatatype>LOGDT024</logicalDatatype>
<dataTypeSize>3</dataTypeSize>
<usesDefaultValue>true</usesDefaultValue>
<checkConstraint>
<implementationDef dbType="Oracle Database 11g" definition="availability in (&apos;yes&apos;, &apos;no&apos;, &apos;sus&apos;)"/>
</checkConstraint>
<defaultValue>&apos;yes&apos;</defaultValue>
<ownDataTypeParameters>3,,</ownDataTypeParameters>
<autoIncrementCycle>false</autoIncrementCycle>
</Column>
<Column name="qualifications_count" id="631B3441-2EEE-D33E-F0FC-BC49DF91645C">
<createdBy>eggeek</createdBy>
<createdTime>2016-05-25 13:06:09 UTC</createdTime>
<comment>number of qualifications count</comment>
<generatorID>BB0D4183-9E79-FB32-D9B4-FAC043023796</generatorID>
<ownerDesignName>combine</ownerDesignName>
<importedID>475EA3F9-71A0-E210-04A6-54E8B60961A7</importedID>
<useDomainConstraints>false</useDomainConstraints>
<use>1</use>
<logicalDatatype>LOGDT019</logicalDatatype>
<dataTypeScale>2</dataTypeScale>
<ownDataTypeParameters>,,2</ownDataTypeParameters>
<autoIncrementCycle>false</autoIncrementCycle>
</Column>
</columns>
<indexes itemClass="oracle.dbtools.crest.model.design.relational.Index">
<ind_PK_UK id="00418F85-FF0C-2F82-9BF7-5FCE2A418925" name="Driver_PK">
<createdBy>eggeek</createdBy>
<createdTime>2016-05-25 13:06:09 UTC</createdTime>
<generatorID>C3963396-F7AD-8B9F-0A18-D62337C128AC</generatorID>
<ownerDesignName>combine</ownerDesignName>
<importedID>FB12BCB5-6CAD-65FE-9AA0-EA71FF6EA66D</importedID>
<pk>true</pk>
<indexState>Primary Constraint</indexState>
<isSurrogateKey>false</isSurrogateKey>
<indexColumnUsage>
<colUsage columnID="8F1E6033-332E-8070-D5AD-47158075CD6B"/>
</indexColumnUsage>
</ind_PK_UK>
<ind_PK_UK id="34C3D662-624F-E6ED-B124-8F7CF101C52B" name="lincence__UN">
<createdBy>eggeek</createdBy>
<createdTime>2016-05-26 04:24:34 UTC</createdTime>
<ownerDesignName>combine</ownerDesignName>
<indexState>Unique Constraint</indexState>
<isSurrogateKey>false</isSurrogateKey>
<indexColumnUsage>
<colUsage columnID="F4B80237-2830-075C-BE5C-6B4B1E62E5EA"/>
</indexColumnUsage>
</ind_PK_UK>
</indexes>
</Table>