<?xml version = '1.0' encoding = 'UTF-8'?>
<Table class="oracle.dbtools.crest.model.design.relational.Table" directorySegmentName="seg_0" id="3CD6D028-11B8-E1CA-430A-B65295763E60" name="audit">
<createdBy>eggeek</createdBy>
<createdTime>2016-05-26 01:36:47 UTC</createdTime>
<ownerDesignName>combine</ownerDesignName>
<ordsAlias>table_21</ordsAlias>
<allowColumnReorder>false</allowColumnReorder>
<existDependencyGenerateInDDl>true</existDependencyGenerateInDDl>
<parsed>true</parsed>
<columns itemClass="oracle.dbtools.crest.model.design.relational.Column">
<Column name="log_id" id="93D9B214-1DC5-7F0F-69B8-F9B1F5A0C5B4">
<createdBy>eggeek</createdBy>
<createdTime>2016-05-26 01:40:29 UTC</createdTime>
<ownerDesignName>combine</ownerDesignName>
<useDomainConstraints>false</useDomainConstraints>
<use>1</use>
<logicalDatatype>LOGDT019</logicalDatatype>
<dataTypeScale>7</dataTypeScale>
<ownDataTypeParameters>,,7</ownDataTypeParameters>
<autoIncrementColumn>true</autoIncrementColumn>
<autoIncrementCycle>false</autoIncrementCycle>
<autoIncrementGenerateTrigger>false</autoIncrementGenerateTrigger>
</Column>
<Column name="log_datetime" id="B21CF4B8-B60B-8DAC-6A18-1BF94F1F81B2">
<createdBy>eggeek</createdBy>
<createdTime>2016-05-26 01:40:29 UTC</createdTime>
<ownerDesignName>combine</ownerDesignName>
<useDomainConstraints>false</useDomainConstraints>
<use>1</use>
<logicalDatatype>LOGDT007</logicalDatatype>
<ownDataTypeParameters>,,</ownDataTypeParameters>
<autoIncrementCycle>false</autoIncrementCycle>
</Column>
<Column name="log_content" id="5D215A37-D25E-6A1B-41E7-F02C0D9922D8">
<createdBy>eggeek</createdBy>
<createdTime>2016-05-26 01:40:29 UTC</createdTime>
<ownerDesignName>combine</ownerDesignName>
<useDomainConstraints>false</useDomainConstraints>
<use>1</use>
<logicalDatatype>LOGDT024</logicalDatatype>
<dataTypeSize>300</dataTypeSize>
<ownDataTypeParameters>300,,</ownDataTypeParameters>
<autoIncrementCycle>false</autoIncrementCycle>
</Column>
</columns>
<indexes itemClass="oracle.dbtools.crest.model.design.relational.Index">
<ind_PK_UK id="3D78FDFD-2C6A-7FB1-FAE4-9B1FA5A6B89F" name="audit_PK">
<createdBy>eggeek</createdBy>
<createdTime>2016-05-26 01:40:29 UTC</createdTime>
<ownerDesignName>combine</ownerDesignName>
<pk>true</pk>
<indexState>Primary Constraint</indexState>
<isSurrogateKey>false</isSurrogateKey>
<indexColumnUsage>
<colUsage columnID="93D9B214-1DC5-7F0F-69B8-F9B1F5A0C5B4"/>
</indexColumnUsage>
</ind_PK_UK>
</indexes>
</Table>