<?xml version = '1.0' encoding = 'UTF-8'?>
<Table class="oracle.dbtools.crest.model.design.relational.Table" directorySegmentName="seg_0" id="4A3F2E41-B196-730D-A6A6-9643853128E2" name="trip">
<createdBy>eggeek</createdBy>
<createdTime>2016-05-25 13:06:09 UTC</createdTime>
<generatorID>098ACCAC-8CDC-207C-3EBB-CAC476D265FB</generatorID>
<ownerDesignName>combine</ownerDesignName>
<importedID>1045FB3C-60D5-A51F-7784-15E6DA0A7AC2</importedID>
<allowColumnReorder>false</allowColumnReorder>
<existDependencyGenerateInDDl>true</existDependencyGenerateInDDl>
<parsed>true</parsed>
<columns itemClass="oracle.dbtools.crest.model.design.relational.Column">
<Column name="trip_id" id="D8AEB2AE-76D3-F5FA-0914-D435E7229A95">
<createdBy>eggeek</createdBy>
<createdTime>2016-05-25 13:06:09 UTC</createdTime>
<generatorID>FF9942CD-3784-0710-F98D-F368AB232118</generatorID>
<ownerDesignName>combine</ownerDesignName>
<importedID>4509F706-188E-DB70-AAAE-BE4AA2727215</importedID>
<useDomainConstraints>false</useDomainConstraints>
<use>1</use>
<logicalDatatype>LOGDT019</logicalDatatype>
<dataTypeScale>7</dataTypeScale>
<ownDataTypeParameters>,,7</ownDataTypeParameters>
<autoIncrementColumn>true</autoIncrementColumn>
<autoIncrementCycle>false</autoIncrementCycle>
<autoIncrementGenerateTrigger>false</autoIncrementGenerateTrigger>
</Column>
<Column name="start_odo" id="20E792F5-1A81-E3A1-DF65-B6E06D4C98D3">
<createdBy>eggeek</createdBy>
<createdTime>2016-05-25 13:06:09 UTC</createdTime>
<comment>the odometer when trip start</comment>
<generatorID>E757E226-E058-8ADE-4E39-93BFE83549B8</generatorID>
<ownerDesignName>combine</ownerDesignName>
<importedID>F37B2862-4AEA-EAD3-FDA3-8FFAA3A2B09E</importedID>
<useDomainConstraints>false</useDomainConstraints>
<use>1</use>
<logicalDatatype>LOGDT019</logicalDatatype>
<dataTypeScale>10</dataTypeScale>
<ownDataTypeParameters>,,10</ownDataTypeParameters>
<autoIncrementCycle>false</autoIncrementCycle>
</Column>
<Column name="current_odo" id="491C98DF-13E6-FBF8-104C-E948C2C1BC25">
<createdBy>eggeek</createdBy>
<createdTime>2016-05-25 13:06:09 UTC</createdTime>
<comment>current odmeter (update when vehicle arrived every middle location) </comment>
<generatorID>271641C2-DE4B-D3CF-5780-F79D83C2F29E</generatorID>
<ownerDesignName>combine</ownerDesignName>
<importedID>79DD2DB8-844D-C412-093A-2E2EF5EA8963</importedID>
<useDomainConstraints>false</useDomainConstraints>
<use>1</use>
<logicalDatatype>LOGDT019</logicalDatatype>
<dataTypeScale>10</dataTypeScale>
<ownDataTypeParameters>,,10</ownDataTypeParameters>
<autoIncrementCycle>false</autoIncrementCycle>
</Column>
<Column name="finish_odo" id="6A899731-403A-671F-B061-05413D3A02F6">
<createdBy>eggeek</createdBy>
<createdTime>2016-05-25 13:06:09 UTC</createdTime>
<comment>the odometer when trip finish</comment>
<generatorID>D2015FD2-A6BA-C4E9-51D5-CF4CEEECDEC8</generatorID>
<ownerDesignName>combine</ownerDesignName>
<importedID>67D2684C-783A-92CD-8D18-E33170BFD5AD</importedID>
<nullsAllowed>true</nullsAllowed>
<useDomainConstraints>false</useDomainConstraints>
<use>1</use>
<logicalDatatype>LOGDT019</logicalDatatype>
<dataTypeScale>10</dataTypeScale>
<ownDataTypeParameters>,,10</ownDataTypeParameters>
<autoIncrementCycle>false</autoIncrementCycle>
</Column>
<Column name="current_location_id" id="58B9DE2B-38D2-028A-E527-9B8EB66B1C08">
<createdBy>eggeek</createdBy>
<createdTime>2016-05-25 13:06:09 UTC</createdTime>
<generatorID>8D551C22-6435-0C1E-4362-43FB3A461D7C</generatorID>
<ownerDesignName>combine</ownerDesignName>
<importedID>E3A3AA8A-1CB0-9945-B733-30383F889252</importedID>
<useDomainConstraints>false</useDomainConstraints>
<use>1</use>
<logicalDatatype>LOGDT019</logicalDatatype>
<dataTypeScale>7</dataTypeScale>
<ownDataTypeParameters>,,</ownDataTypeParameters>
<autoIncrementCycle>false</autoIncrementCycle>
<associations>
<colAssociation fkAssociation="95FAE7E7-0A98-D151-86CA-84B12B04F783" referredColumn="01F772E8-0933-280B-41B7-845DA91F630C"/>
</associations>
</Column>
<Column name="booking_driver_id" id="31F15556-4FEB-447E-636E-9FA485D4D1AB">
<createdBy>eggeek</createdBy>
<createdTime>2016-05-25 13:06:09 UTC</createdTime>
<comment>driver ID as the primary key of this table</comment>
<generatorID>15C47D3E-A271-380D-CF8A-C17D84B144B4</generatorID>
<ownerDesignName>combine</ownerDesignName>
<importedID>19C40476-A4D0-9A70-DD5C-7C23030FBC5A</importedID>
<useDomainConstraints>false</useDomainConstraints>
<use>1</use>
<logicalDatatype>LOGDT019</logicalDatatype>
<dataTypeScale>5</dataTypeScale>
<ownDataTypeParameters>,,</ownDataTypeParameters>
<autoIncrementCycle>false</autoIncrementCycle>
<associations>
<colAssociation fkAssociation="D3A4AFCA-5FAC-86E5-9D06-DEB096BBFBBA" referredColumn="E886878A-12EA-D89F-D409-7E6104714A17"/>
</associations>
</Column>
<Column name="booking_olympic_id" id="927B0144-A4CF-09D1-5145-AF979D1A56B4">
<createdBy>eggeek</createdBy>
<createdTime>2016-05-25 13:06:09 UTC</createdTime>
<comment>the official&apos;s Olympic ID (8 characters), primary key</comment>
<generatorID>BBBC4730-E351-666B-F4FC-BBA8ED61DA41</generatorID>
<ownerDesignName>combine</ownerDesignName>
<importedID>6C51F3CB-78B2-D6C6-2D05-AAEF6B32BC6D</importedID>
<useDomainConstraints>false</useDomainConstraints>
<use>1</use>
<logicalDatatype>LOGDT025</logicalDatatype>
<dataTypeSize>8</dataTypeSize>
<ownDataTypeParameters>,,</ownDataTypeParameters>
<autoIncrementCycle>false</autoIncrementCycle>
<associations>
<colAssociation fkAssociation="D3A4AFCA-5FAC-86E5-9D06-DEB096BBFBBA" referredColumn="79A14996-12EA-9955-9E72-28FC47647594"/>
</associations>
</Column>
<Column name="booking_rego" id="7EA78584-F979-2EFA-9129-C74B6969BD16">
<createdBy>eggeek</createdBy>
<createdTime>2016-05-25 13:06:09 UTC</createdTime>
<comment>registration number</comment>
<generatorID>61BD19BD-3A6B-FF19-9F03-B034E0467F5D</generatorID>
<ownerDesignName>combine</ownerDesignName>
<importedID>F731B439-1638-D52F-DF2B-45F47CB7ECBD</importedID>
<useDomainConstraints>false</useDomainConstraints>
<use>1</use>
<logicalDatatype>LOGDT024</logicalDatatype>
<dataTypeSize>10</dataTypeSize>
<ownDataTypeParameters>,,</ownDataTypeParameters>
<autoIncrementCycle>false</autoIncrementCycle>
<associations>
<colAssociation fkAssociation="D3A4AFCA-5FAC-86E5-9D06-DEB096BBFBBA" referredColumn="264C9B30-C8ED-7061-6F29-66BA1D6305A4"/>
</associations>
</Column>
<Column name="start_location_id" id="EB4BC8E1-4830-AA02-38E9-DE729AA2CAB6">
<createdBy>eggeek</createdBy>
<createdTime>2016-05-25 13:06:09 UTC</createdTime>
<generatorID>63B362FC-650D-D8A1-3EB7-FB1801FBE7E3</generatorID>
<ownerDesignName>combine</ownerDesignName>
<importedID>D5DE053B-F2F3-3E50-CB9B-1DD5D512431E</importedID>
<useDomainConstraints>false</useDomainConstraints>
<use>1</use>
<logicalDatatype>LOGDT019</logicalDatatype>
<dataTypeScale>7</dataTypeScale>
<ownDataTypeParameters>,,</ownDataTypeParameters>
<autoIncrementCycle>false</autoIncrementCycle>
<associations>
<colAssociation fkAssociation="D3A4AFCA-5FAC-86E5-9D06-DEB096BBFBBA" referredColumn="04B7CF25-5185-1045-2A1B-B95BD4F92199"/>
</associations>
</Column>
<Column name="end_location_id" id="CFDEB594-B6E9-FB96-D124-4630A4A8ACE2">
<createdBy>eggeek</createdBy>
<createdTime>2016-05-25 13:06:09 UTC</createdTime>
<generatorID>64687A29-02AA-3CF6-C848-DD950E01B6E1</generatorID>
<ownerDesignName>combine</ownerDesignName>
<importedID>B0D5B2F3-6F4B-6EAC-8D24-C32EAD0E84FE</importedID>
<useDomainConstraints>false</useDomainConstraints>
<use>1</use>
<logicalDatatype>LOGDT019</logicalDatatype>
<dataTypeScale>7</dataTypeScale>
<ownDataTypeParameters>,,</ownDataTypeParameters>
<autoIncrementCycle>false</autoIncrementCycle>
<associations>
<colAssociation fkAssociation="D3A4AFCA-5FAC-86E5-9D06-DEB096BBFBBA" referredColumn="1CEBF7FD-A65F-7BD4-5444-79CF2FC29554"/>
</associations>
</Column>
<Column name="finish_odo1" id="5B8C243C-6ECF-776A-9F5A-24A4CB4F4E22">
<createdBy>eggeek</createdBy>
<createdTime>2016-05-26 05:30:09 UTC</createdTime>
<comment>odometer when trip finish</comment>
<generatorID>CEBF5006-0A1B-6473-0C28-B62F90CD9B81</generatorID>
<ownerDesignName>combine</ownerDesignName>
<nullsAllowed>true</nullsAllowed>
<useDomainConstraints>false</useDomainConstraints>
<use>1</use>
<logicalDatatype>LOGDT019</logicalDatatype>
<dataTypeScale>10</dataTypeScale>
<ownDataTypeParameters>,,10</ownDataTypeParameters>
<autoIncrementCycle>false</autoIncrementCycle>
</Column>
</columns>
<indexes itemClass="oracle.dbtools.crest.model.design.relational.Index">
<ind_PK_UK id="63613496-CDAD-8D82-DA55-BAB9331EB88D" name="trip_PK">
<createdBy>eggeek</createdBy>
<createdTime>2016-05-25 13:06:09 UTC</createdTime>
<generatorID>6F648C4B-E2E8-6CD7-68C2-05E46F32D5BB</generatorID>
<ownerDesignName>combine</ownerDesignName>
<importedID>0E0D6E02-1271-F917-D27D-F0DECDCCC943</importedID>
<pk>true</pk>
<indexState>Primary Constraint</indexState>
<isSurrogateKey>false</isSurrogateKey>
<indexColumnUsage>
<colUsage columnID="D8AEB2AE-76D3-F5FA-0914-D435E7229A95"/>
</indexColumnUsage>
</ind_PK_UK>
<ind_PK_UK id="F92D2BA3-7081-4084-4F74-93AD944EC486" name="trip__IDX">
<createdBy>eggeek</createdBy>
<createdTime>2016-05-25 13:06:09 UTC</createdTime>
<ownerDesignName>combine</ownerDesignName>
<importedID>AE8CD2DD-4D7F-908C-B5A6-A736127529F8</importedID>
<indexState>Unique Plain Index</indexState>
<isSurrogateKey>false</isSurrogateKey>
<indexColumnUsage>
<colUsage columnID="31F15556-4FEB-447E-636E-9FA485D4D1AB"/>
<colUsage columnID="927B0144-A4CF-09D1-5145-AF979D1A56B4"/>
<colUsage columnID="7EA78584-F979-2EFA-9129-C74B6969BD16"/>
<colUsage columnID="EB4BC8E1-4830-AA02-38E9-DE729AA2CAB6"/>
<colUsage columnID="CFDEB594-B6E9-FB96-D124-4630A4A8ACE2"/>
</indexColumnUsage>
</ind_PK_UK>
<ind_PK_UK id="66E159A5-A1EF-601C-A7A9-5D5FB8771E55" name="trip_booking_FK">
<createdBy>eggeek</createdBy>
<createdTime>2016-05-25 13:06:09 UTC</createdTime>
<generatorID>BFDCE5A2-B562-CB58-42FC-4847F8CCB09F</generatorID>
<ownerDesignName>combine</ownerDesignName>
<indexState>Foreign Key</indexState>
<isSurrogateKey>false</isSurrogateKey>
<indexColumnUsage>
<colUsage columnID="31F15556-4FEB-447E-636E-9FA485D4D1AB"/>
<colUsage columnID="927B0144-A4CF-09D1-5145-AF979D1A56B4"/>
<colUsage columnID="7EA78584-F979-2EFA-9129-C74B6969BD16"/>
<colUsage columnID="EB4BC8E1-4830-AA02-38E9-DE729AA2CAB6"/>
<colUsage columnID="CFDEB594-B6E9-FB96-D124-4630A4A8ACE2"/>
</indexColumnUsage>
</ind_PK_UK>
<ind_PK_UK id="5B367920-4D52-16D7-C05C-A6C567CA1BD7" name="trip_location_FK">
<createdBy>eggeek</createdBy>
<createdTime>2016-05-25 13:06:09 UTC</createdTime>
<generatorID>6D9031C1-0D76-5F4E-B738-B8AC6FE3BA1F</generatorID>
<ownerDesignName>combine</ownerDesignName>
<indexState>Foreign Key</indexState>
<isSurrogateKey>false</isSurrogateKey>
<indexColumnUsage>
<colUsage columnID="58B9DE2B-38D2-028A-E527-9B8EB66B1C08"/>
</indexColumnUsage>
</ind_PK_UK>
</indexes>
</Table>