<?xml version = '1.0' encoding = 'UTF-8'?>
<Table class="oracle.dbtools.crest.model.design.relational.Table" directorySegmentName="seg_0" id="4D84B554-988E-D72E-E815-4476BCA749E5" name="registration">
<createdBy>eggeek</createdBy>
<createdTime>2016-05-25 13:06:09 UTC</createdTime>
<generatorID>064951A4-F1D2-6B1D-A692-6A9C3B4C5EAE</generatorID>
<ownerDesignName>combine</ownerDesignName>
<importedID>B7F6C5BA-15FC-7A35-2810-5D8670A29EC3</importedID>
<allowColumnReorder>false</allowColumnReorder>
<existDependencyGenerateInDDl>true</existDependencyGenerateInDDl>
<parsed>true</parsed>
<columns itemClass="oracle.dbtools.crest.model.design.relational.Column">
<Column name="rego" id="665B2E5D-6CAB-99E7-9A2C-FCA766B4918A">
<createdBy>eggeek</createdBy>
<createdTime>2016-05-25 13:06:09 UTC</createdTime>
<comment>registration number</comment>
<generatorID>53B66D95-B8E0-B8F6-1392-6FA113FCE2D2</generatorID>
<ownerDesignName>combine</ownerDesignName>
<importedID>755F2A56-B4E7-6673-F285-E5490F3DEF05</importedID>
<useDomainConstraints>false</useDomainConstraints>
<use>1</use>
<logicalDatatype>LOGDT024</logicalDatatype>
<dataTypeSize>10</dataTypeSize>
<ownDataTypeParameters>10,,</ownDataTypeParameters>
<autoIncrementCycle>false</autoIncrementCycle>
</Column>
<Column name="register_date" id="707FD846-67D6-BF44-4F69-94F846558D48">
<createdBy>eggeek</createdBy>
<createdTime>2016-05-25 13:06:09 UTC</createdTime>
<generatorID>103DCE48-A7EB-241F-0EFD-2829683EC9D3</generatorID>
<ownerDesignName>combine</ownerDesignName>
<importedID>BB8E1D0C-8913-0CD2-DB97-99860A5E66A5</importedID>
<useDomainConstraints>false</useDomainConstraints>
<use>1</use>
<logicalDatatype>LOGDT007</logicalDatatype>
<ownDataTypeParameters>,,</ownDataTypeParameters>
<autoIncrementCycle>false</autoIncrementCycle>
</Column>
<Column name="vehicle_vin" id="B602C894-56E9-D9F4-5983-896591996635">
<createdBy>eggeek</createdBy>
<createdTime>2016-05-25 13:06:09 UTC</createdTime>
<generatorID>2FD161C3-DAB4-95A5-8DCE-71570DE7C6FE</generatorID>
<ownerDesignName>combine</ownerDesignName>
<importedID>2C1D83F6-8BF0-87EB-C6C7-27CBA539A0E5</importedID>
<useDomainConstraints>false</useDomainConstraints>
<use>1</use>
<logicalDatatype>LOGDT024</logicalDatatype>
<dataTypeSize>20</dataTypeSize>
<ownDataTypeParameters>,,</ownDataTypeParameters>
<autoIncrementCycle>false</autoIncrementCycle>
<associations>
<colAssociation fkAssociation="5F314955-2C2A-F65B-0780-DF1F5CE0C72E" referredColumn="3F4B1DD3-CE84-1376-0A20-4A5A040077D5"/>
</associations>
</Column>
</columns>
<indexes itemClass="oracle.dbtools.crest.model.design.relational.Index">
<ind_PK_UK id="2B0670F4-0A83-28BA-58FC-54A03F3AA76C" name="registration_PK">
<createdBy>eggeek</createdBy>
<createdTime>2016-05-25 13:06:09 UTC</createdTime>
<generatorID>E4A4EC47-6287-2D06-9A29-9FB6C4BFC66A</generatorID>
<ownerDesignName>combine</ownerDesignName>
<importedID>A91AF67D-0882-632B-BD58-6EBAD3A28C8A</importedID>
<pk>true</pk>
<indexState>Primary Constraint</indexState>
<isSurrogateKey>false</isSurrogateKey>
<indexColumnUsage>
<colUsage columnID="665B2E5D-6CAB-99E7-9A2C-FCA766B4918A"/>
</indexColumnUsage>
</ind_PK_UK>
<ind_PK_UK id="B6AC3BE8-717E-7E10-14BA-7F7B38DD6929" name="registration_vin_UN">
<createdBy>eggeek</createdBy>
<createdTime>2016-05-25 13:13:28 UTC</createdTime>
<ownerDesignName>combine</ownerDesignName>
<indexState>Unique Constraint</indexState>
<isSurrogateKey>false</isSurrogateKey>
<indexColumnUsage>
<colUsage columnID="B602C894-56E9-D9F4-5983-896591996635"/>
</indexColumnUsage>
</ind_PK_UK>
<ind_PK_UK id="C82163AC-A7D4-BDEA-6203-8CFF68C8C3FF" name="registration__IDX">
<createdBy>eggeek</createdBy>
<createdTime>2016-05-25 13:06:09 UTC</createdTime>
<ownerDesignName>combine</ownerDesignName>
<importedID>1899157C-D063-17DC-ADF2-CF8B8854BBCB</importedID>
<indexState>Unique Plain Index</indexState>
<isSurrogateKey>false</isSurrogateKey>
<indexColumnUsage>
<colUsage columnID="B602C894-56E9-D9F4-5983-896591996635"/>
</indexColumnUsage>
</ind_PK_UK>
<ind_PK_UK id="85237F09-1BFE-0CAE-9F4D-2DC822740B35" name="registration_vehicle_FK">
<createdBy>eggeek</createdBy>
<createdTime>2016-05-25 13:06:09 UTC</createdTime>
<generatorID>9E435F8D-25DE-7426-6F96-32B143E446AA</generatorID>
<ownerDesignName>combine</ownerDesignName>
<indexState>Foreign Key</indexState>
<isSurrogateKey>false</isSurrogateKey>
<indexColumnUsage>
<colUsage columnID="B602C894-56E9-D9F4-5983-896591996635"/>
</indexColumnUsage>
</ind_PK_UK>
</indexes>
</Table>