<?xml version = '1.0' encoding = 'UTF-8'?>
<Table class="oracle.dbtools.crest.model.design.relational.Table" directorySegmentName="seg_0" id="B1F2B3D3-368E-E141-528E-EAE9677F0549" name="booking">
<createdBy>eggeek</createdBy>
<createdTime>2016-05-25 13:06:09 UTC</createdTime>
<generatorID>C4B36A0B-467F-4893-FDA2-D1D2D5A11CFB</generatorID>
<ownerDesignName>combine</ownerDesignName>
<importedID>5ECA8354-CAD3-7062-9346-186202ACB6C7</importedID>
<allowColumnReorder>false</allowColumnReorder>
<existDependencyGenerateInDDl>true</existDependencyGenerateInDDl>
<parsed>true</parsed>
<columns itemClass="oracle.dbtools.crest.model.design.relational.Column">
<Column name="booking_start_datetime" id="048EE356-F0C1-9315-5DB3-16557D7E7C1B">
<createdBy>eggeek</createdBy>
<createdTime>2016-05-25 13:06:09 UTC</createdTime>
<generatorID>80FCBE7F-AE47-D2A0-6CC7-31860BEA0C99</generatorID>
<ownerDesignName>combine</ownerDesignName>
<importedID>79CBB53F-E104-E6B1-E233-0FD2F9707AAF</importedID>
<useDomainConstraints>false</useDomainConstraints>
<use>1</use>
<logicalDatatype>LOGDT007</logicalDatatype>
<ownDataTypeParameters>,,</ownDataTypeParameters>
<autoIncrementCycle>false</autoIncrementCycle>
</Column>
<Column name="booking_end_datetime" id="F9636437-D4B0-5CA1-0C9C-09197D4CE8F1">
<createdBy>eggeek</createdBy>
<createdTime>2016-05-25 13:06:09 UTC</createdTime>
<generatorID>C357FFFD-738A-A4BA-DB88-4066DAA39676</generatorID>
<ownerDesignName>combine</ownerDesignName>
<importedID>1906CFD9-DC3D-8D68-E56A-340994F1183E</importedID>
<useDomainConstraints>false</useDomainConstraints>
<use>1</use>
<logicalDatatype>LOGDT007</logicalDatatype>
<ownDataTypeParameters>,,</ownDataTypeParameters>
<autoIncrementCycle>false</autoIncrementCycle>
</Column>
<Column name="Driver_driver_id" id="E886878A-12EA-D89F-D409-7E6104714A17">
<createdBy>eggeek</createdBy>
<createdTime>2016-05-25 13:06:09 UTC</createdTime>
<comment>driver ID as the primary key of this table</comment>
<generatorID>59092E16-700E-8E81-B992-A4BA2B318465</generatorID>
<ownerDesignName>combine</ownerDesignName>
<importedID>C1ACF392-B45B-2F61-BFB8-0528CDAB683C</importedID>
<useDomainConstraints>false</useDomainConstraints>
<use>1</use>
<logicalDatatype>LOGDT019</logicalDatatype>
<dataTypeScale>5</dataTypeScale>
<ownDataTypeParameters>,,</ownDataTypeParameters>
<autoIncrementCycle>false</autoIncrementCycle>
<associations>
<colAssociation fkAssociation="E311F9C0-3955-75DF-13CF-5AC66328025D" referredColumn="8F1E6033-332E-8070-D5AD-47158075CD6B"/>
</associations>
</Column>
<Column name="olympic_id" id="79A14996-12EA-9955-9E72-28FC47647594">
<createdBy>eggeek</createdBy>
<createdTime>2016-05-25 13:06:09 UTC</createdTime>
<comment>the official&apos;s Olympic ID (8 characters), primary key</comment>
<generatorID>B6729B02-B744-E4A2-E390-59BAFD6A5A92</generatorID>
<ownerDesignName>combine</ownerDesignName>
<importedID>CA896588-7FDD-B812-9259-0B5972068720</importedID>
<useDomainConstraints>false</useDomainConstraints>
<use>1</use>
<logicalDatatype>LOGDT025</logicalDatatype>
<dataTypeSize>8</dataTypeSize>
<ownDataTypeParameters>,,</ownDataTypeParameters>
<autoIncrementCycle>false</autoIncrementCycle>
<associations>
<colAssociation fkAssociation="792D93C8-751F-AF01-4BEF-3CE54E10E463" referredColumn="34C568A7-96BE-8094-7E44-A0F83F63CB11"/>
</associations>
</Column>
<Column name="registration_rego" id="264C9B30-C8ED-7061-6F29-66BA1D6305A4">
<createdBy>eggeek</createdBy>
<createdTime>2016-05-25 13:06:09 UTC</createdTime>
<comment>registration number</comment>
<generatorID>949C35F7-2F4F-DE4B-E530-663AFADEF5B2</generatorID>
<ownerDesignName>combine</ownerDesignName>
<importedID>348C8FD0-58F2-5786-759A-DC05BB7FC51F</importedID>
<useDomainConstraints>false</useDomainConstraints>
<use>1</use>
<logicalDatatype>LOGDT024</logicalDatatype>
<dataTypeSize>10</dataTypeSize>
<ownDataTypeParameters>,,</ownDataTypeParameters>
<autoIncrementCycle>false</autoIncrementCycle>
<associations>
<colAssociation fkAssociation="0124CA25-E493-4F83-70FC-A0FE015A4D25" referredColumn="665B2E5D-6CAB-99E7-9A2C-FCA766B4918A"/>
</associations>
</Column>
<Column name="start_location_id" id="04B7CF25-5185-1045-2A1B-B95BD4F92199">
<createdBy>eggeek</createdBy>
<createdTime>2016-05-25 13:06:09 UTC</createdTime>
<generatorID>58BB9DD3-BB75-0913-EDB3-ED83F39A887E</generatorID>
<ownerDesignName>combine</ownerDesignName>
<importedID>E862EE0A-BA4E-11AD-CA88-FEFBCCD5A756</importedID>
<useDomainConstraints>false</useDomainConstraints>
<use>1</use>
<logicalDatatype>LOGDT019</logicalDatatype>
<dataTypeScale>7</dataTypeScale>
<ownDataTypeParameters>,,</ownDataTypeParameters>
<autoIncrementCycle>false</autoIncrementCycle>
<associations>
<colAssociation fkAssociation="111B70AA-2535-48C5-E373-DD320B66E65A" referredColumn="01F772E8-0933-280B-41B7-845DA91F630C"/>
</associations>
</Column>
<Column name="end_location_id" id="1CEBF7FD-A65F-7BD4-5444-79CF2FC29554">
<createdBy>eggeek</createdBy>
<createdTime>2016-05-25 13:06:09 UTC</createdTime>
<generatorID>AB3D4F2F-00A2-F1A0-4EF8-A19AE052842B</generatorID>
<ownerDesignName>combine</ownerDesignName>
<importedID>9D711764-2EAF-885A-2F53-413FDDE30411</importedID>
<useDomainConstraints>false</useDomainConstraints>
<use>1</use>
<logicalDatatype>LOGDT019</logicalDatatype>
<dataTypeScale>7</dataTypeScale>
<ownDataTypeParameters>,,</ownDataTypeParameters>
<autoIncrementCycle>false</autoIncrementCycle>
<associations>
<colAssociation fkAssociation="30444F83-D2E2-CE52-E878-6681E8FC7C0D" referredColumn="01F772E8-0933-280B-41B7-845DA91F630C"/>
</associations>
</Column>
</columns>
<indexes itemClass="oracle.dbtools.crest.model.design.relational.Index">
<ind_PK_UK id="B8D8ABCA-D272-2091-0CBD-B684BBD0711B" name="booking_PK">
<createdBy>eggeek</createdBy>
<createdTime>2016-05-25 13:06:09 UTC</createdTime>
<generatorID>888122DC-7704-A39A-30DB-1B7DD2D90691</generatorID>
<ownerDesignName>combine</ownerDesignName>
<importedID>3FBECB2A-ECA6-58DA-BBE9-606009C8D5C7</importedID>
<pk>true</pk>
<indexState>Primary Constraint</indexState>
<isSurrogateKey>false</isSurrogateKey>
<indexColumnUsage>
<colUsage columnID="E886878A-12EA-D89F-D409-7E6104714A17"/>
<colUsage columnID="79A14996-12EA-9955-9E72-28FC47647594"/>
<colUsage columnID="264C9B30-C8ED-7061-6F29-66BA1D6305A4"/>
<colUsage columnID="04B7CF25-5185-1045-2A1B-B95BD4F92199"/>
<colUsage columnID="1CEBF7FD-A65F-7BD4-5444-79CF2FC29554"/>
</indexColumnUsage>
</ind_PK_UK>
<ind_PK_UK id="19AFDF8F-C540-FAB9-F1BE-9921127A46F8" name="booking__IDX">
<createdBy>eggeek</createdBy>
<createdTime>2016-05-25 13:06:09 UTC</createdTime>
<ownerDesignName>combine</ownerDesignName>
<importedID>F8561F43-CB41-A539-E89A-9AB3FBD57F24</importedID>
<indexState>Unique Plain Index</indexState>
<isSurrogateKey>false</isSurrogateKey>
<indexColumnUsage>
<colUsage columnID="264C9B30-C8ED-7061-6F29-66BA1D6305A4"/>
</indexColumnUsage>
</ind_PK_UK>
<ind_PK_UK id="38BCB897-B858-AF15-A1D5-F8B0AEED16B4" name="booking__IDXv1">
<createdBy>eggeek</createdBy>
<createdTime>2016-05-25 13:06:09 UTC</createdTime>
<ownerDesignName>combine</ownerDesignName>
<importedID>282A4519-0659-5707-40BF-C1005CCEFD2E</importedID>
<indexState>Unique Plain Index</indexState>
<isSurrogateKey>false</isSurrogateKey>
<indexColumnUsage>
<colUsage columnID="04B7CF25-5185-1045-2A1B-B95BD4F92199"/>
</indexColumnUsage>
</ind_PK_UK>
<ind_PK_UK id="B7DAC80F-0726-7DA6-6BF9-60AC6DBF97B7" name="booking__IDXv2">
<createdBy>eggeek</createdBy>
<createdTime>2016-05-25 13:06:09 UTC</createdTime>
<ownerDesignName>combine</ownerDesignName>
<importedID>BECB4590-0D74-794F-7502-E3DEE6F7D618</importedID>
<indexState>Unique Plain Index</indexState>
<isSurrogateKey>false</isSurrogateKey>
<indexColumnUsage>
<colUsage columnID="1CEBF7FD-A65F-7BD4-5444-79CF2FC29554"/>
</indexColumnUsage>
</ind_PK_UK>
<ind_PK_UK id="03A7CF70-929A-9D34-A601-182243BFE0F6" name="booking_Driver_FK">
<createdBy>eggeek</createdBy>
<createdTime>2016-05-25 13:06:09 UTC</createdTime>
<generatorID>50CF3426-C17A-D563-23C2-F62D185967C0</generatorID>
<ownerDesignName>combine</ownerDesignName>
<indexState>Foreign Key</indexState>
<isSurrogateKey>false</isSurrogateKey>
<indexColumnUsage>
<colUsage columnID="E886878A-12EA-D89F-D409-7E6104714A17"/>
</indexColumnUsage>
</ind_PK_UK>
<ind_PK_UK id="2EB9D1E4-7C2A-CD7B-EE93-9FFDC2DDF8C9" name="booking_location_FK">
<createdBy>eggeek</createdBy>
<createdTime>2016-05-25 13:06:09 UTC</createdTime>
<generatorID>60E3EBE9-7B7C-1D82-4DB5-FB291248058C</generatorID>
<ownerDesignName>combine</ownerDesignName>
<indexState>Foreign Key</indexState>
<isSurrogateKey>false</isSurrogateKey>
<indexColumnUsage>
<colUsage columnID="04B7CF25-5185-1045-2A1B-B95BD4F92199"/>
</indexColumnUsage>
</ind_PK_UK>
<ind_PK_UK id="6F40DE77-D8A4-964D-9A25-FE356F836DD1" name="booking_registration_FK">
<createdBy>eggeek</createdBy>
<createdTime>2016-05-25 13:06:09 UTC</createdTime>
<generatorID>20E48F79-DF92-6A15-8302-EA3EBC9DB1E8</generatorID>
<ownerDesignName>combine</ownerDesignName>
<indexState>Foreign Key</indexState>
<isSurrogateKey>false</isSurrogateKey>
<indexColumnUsage>
<colUsage columnID="264C9B30-C8ED-7061-6F29-66BA1D6305A4"/>
</indexColumnUsage>
</ind_PK_UK>
<ind_PK_UK id="9D399BDC-3660-73EA-F3EC-247728E31D31" name="booking_location_FKv1">
<createdBy>eggeek</createdBy>
<createdTime>2016-05-25 13:06:09 UTC</createdTime>
<generatorID>65F70CBF-BD67-B2B4-8ED9-A641EBD235E4</generatorID>
<ownerDesignName>combine</ownerDesignName>
<indexState>Foreign Key</indexState>
<isSurrogateKey>false</isSurrogateKey>
<indexColumnUsage>
<colUsage columnID="1CEBF7FD-A65F-7BD4-5444-79CF2FC29554"/>
</indexColumnUsage>
</ind_PK_UK>
<ind_PK_UK id="2B6F1591-3ABB-B5A0-6DCF-3CAA50BB0623" name="booking_official_FK">
<createdBy>eggeek</createdBy>
<createdTime>2016-05-25 13:06:09 UTC</createdTime>
<generatorID>39612B62-4BC2-8DA3-39DF-220C70834433</generatorID>
<ownerDesignName>combine</ownerDesignName>
<indexState>Foreign Key</indexState>
<isSurrogateKey>false</isSurrogateKey>
<indexColumnUsage>
<colUsage columnID="79A14996-12EA-9955-9E72-28FC47647594"/>
</indexColumnUsage>
</ind_PK_UK>
</indexes>
</Table>