<?xml version = '1.0' encoding = 'UTF-8'?>
<Table class="oracle.dbtools.crest.model.design.relational.Table" directorySegmentName="seg_0" id="7641495A-0A0E-706E-D49F-3BCFE6224AC8" name="courses_available">
<createdBy>eggeek</createdBy>
<createdTime>2016-05-25 13:06:09 UTC</createdTime>
<generatorID>7E43C98D-2059-B9C7-8E76-287BB6E1EA32</generatorID>
<ownerDesignName>combine</ownerDesignName>
<importedID>CB91BB63-5214-327C-085B-A3E7601A987C</importedID>
<allowColumnReorder>false</allowColumnReorder>
<existDependencyGenerateInDDl>true</existDependencyGenerateInDDl>
<parsed>true</parsed>
<columns itemClass="oracle.dbtools.crest.model.design.relational.Column">
<Column name="course_code" id="20A52E54-394B-E4F3-C256-757444A5CDAF">
<createdBy>eggeek</createdBy>
<createdTime>2016-05-25 13:06:09 UTC</createdTime>
<comment>look up table. course code is the primary key.</comment>
<generatorID>C679C1C1-6D5B-1B9C-4307-12EB79EFA339</generatorID>
<ownerDesignName>combine</ownerDesignName>
<importedID>8FC32747-CAE4-4B82-80C8-41268D28CD8C</importedID>
<useDomainConstraints>false</useDomainConstraints>
<use>1</use>
<logicalDatatype>LOGDT024</logicalDatatype>
<dataTypeSize>10</dataTypeSize>
<ownDataTypeParameters>10,,</ownDataTypeParameters>
<autoIncrementCycle>false</autoIncrementCycle>
</Column>
<Column name="course_name" id="A01B817F-F363-6D9B-2CF4-5789E9A1B85F">
<createdBy>eggeek</createdBy>
<createdTime>2016-05-25 13:06:09 UTC</createdTime>
<comment>course name</comment>
<generatorID>0D586DB7-12AF-82B8-4F7C-3E48C87447D3</generatorID>
<ownerDesignName>combine</ownerDesignName>
<importedID>8182FDEF-AC3D-C097-B905-F27A2E6A75C8</importedID>
<useDomainConstraints>false</useDomainConstraints>
<use>1</use>
<logicalDatatype>LOGDT024</logicalDatatype>
<dataTypeSize>20</dataTypeSize>
<ownDataTypeParameters>20,,</ownDataTypeParameters>
<autoIncrementCycle>false</autoIncrementCycle>
</Column>
<Column name="course_duration" id="11759C18-6550-7ACA-B9BD-5D7579D8E4C4">
<createdBy>eggeek</createdBy>
<createdTime>2016-05-25 13:06:09 UTC</createdTime>
<comment>duration of course in days weeks or months</comment>
<generatorID>D634750E-22E3-2368-10BE-62A46CFACFED</generatorID>
<ownerDesignName>combine</ownerDesignName>
<importedID>E48D6175-E0D9-A420-8F84-45D6709DFF5C</importedID>
<constraintName>chk_course_duration</constraintName>
<useDomainConstraints>false</useDomainConstraints>
<use>1</use>
<logicalDatatype>LOGDT019</logicalDatatype>
<dataTypeScale>7</dataTypeScale>
<checkConstraint>
<implementationDef dbType="Oracle Database 11g" definition="course_duration between 1 and 5"/>
</checkConstraint>
<ownDataTypeParameters>,,7</ownDataTypeParameters>
<autoIncrementCycle>false</autoIncrementCycle>
</Column>
</columns>
<indexes itemClass="oracle.dbtools.crest.model.design.relational.Index">
<ind_PK_UK id="3EAF362C-A88E-AACD-1D35-2FE699AA4882" name="courses_available_PK">
<createdBy>eggeek</createdBy>
<createdTime>2016-05-25 13:06:09 UTC</createdTime>
<generatorID>DA2AF5C8-040E-517A-6753-55ECE341A3E4</generatorID>
<ownerDesignName>combine</ownerDesignName>
<importedID>650B1842-151E-8B4C-307C-DFBEE11BAC0D</importedID>
<pk>true</pk>
<indexState>Primary Constraint</indexState>
<isSurrogateKey>false</isSurrogateKey>
<indexColumnUsage>
<colUsage columnID="20A52E54-394B-E4F3-C256-757444A5CDAF"/>
</indexColumnUsage>
</ind_PK_UK>
</indexes>
</Table>