<?xml version = '1.0' encoding = 'UTF-8'?>
<Table class="oracle.dbtools.crest.model.design.relational.Table" directorySegmentName="seg_0" id="7A19F53B-A55B-107A-B1FA-3FCC05062404" name="location_type">
<createdBy>eggeek</createdBy>
<createdTime>2016-05-25 13:06:09 UTC</createdTime>
<generatorID>308B92D6-D6A3-9690-A58B-6F850BF9CF82</generatorID>
<ownerDesignName>combine</ownerDesignName>
<importedID>D9EE02A1-6154-8E7A-5E98-F9713A3741EF</importedID>
<allowColumnReorder>false</allowColumnReorder>
<existDependencyGenerateInDDl>true</existDependencyGenerateInDDl>
<parsed>true</parsed>
<columns itemClass="oracle.dbtools.crest.model.design.relational.Column">
<Column name="ltype_id" id="2BE82BB8-39B2-4B72-2F5D-CF52752EBC4D">
<createdBy>eggeek</createdBy>
<createdTime>2016-05-25 13:06:09 UTC</createdTime>
<comment>location type id</comment>
<generatorID>AC5E02BB-0EE5-ADC0-F4A2-D2F14A161B88</generatorID>
<ownerDesignName>combine</ownerDesignName>
<importedID>A664C7AE-71FB-33D4-F460-4FB8ACEFD871</importedID>
<useDomainConstraints>false</useDomainConstraints>
<use>1</use>
<logicalDatatype>LOGDT019</logicalDatatype>
<dataTypeScale>7</dataTypeScale>
<ownDataTypeParameters>,,7</ownDataTypeParameters>
<autoIncrementColumn>true</autoIncrementColumn>
<autoIncrementCycle>false</autoIncrementCycle>
<autoIncrementGenerateTrigger>false</autoIncrementGenerateTrigger>
</Column>
<Column name="ltype_name" id="ACCF8EA0-77E3-E680-E4D5-B36468B9E5F8">
<createdBy>eggeek</createdBy>
<createdTime>2016-05-25 13:06:09 UTC</createdTime>
<comment>location type name</comment>
<generatorID>ED81086D-91E1-1AAA-D837-6E7C99DE2E06</generatorID>
<ownerDesignName>combine</ownerDesignName>
<importedID>1487C30A-8A33-32E4-77EC-1408A6416272</importedID>
<useDomainConstraints>false</useDomainConstraints>
<use>1</use>
<logicalDatatype>LOGDT024</logicalDatatype>
<dataTypeSize>100</dataTypeSize>
<ownDataTypeParameters>100,,</ownDataTypeParameters>
<autoIncrementCycle>false</autoIncrementCycle>
</Column>
</columns>
<indexes itemClass="oracle.dbtools.crest.model.design.relational.Index">
<ind_PK_UK id="9BA31890-AF15-B57B-2B84-540B65A70AA5" name="location_type_PK">
<createdBy>eggeek</createdBy>
<createdTime>2016-05-25 13:06:09 UTC</createdTime>
<generatorID>B0B2C457-4087-50A6-BC63-4BA3343A5F6B</generatorID>
<ownerDesignName>combine</ownerDesignName>
<importedID>EBE1AEDB-F3D3-7D8F-087F-068DE89FFF14</importedID>
<pk>true</pk>
<indexState>Primary Constraint</indexState>
<isSurrogateKey>false</isSurrogateKey>
<indexColumnUsage>
<colUsage columnID="2BE82BB8-39B2-4B72-2F5D-CF52752EBC4D"/>
</indexColumnUsage>
</ind_PK_UK>
<ind_PK_UK id="8620BE24-DC45-3B0A-DA3F-6BA37AFCFAF7" name="ltype_name_UN">
<createdBy>eggeek</createdBy>
<createdTime>2016-05-25 13:06:09 UTC</createdTime>
<ownerDesignName>combine</ownerDesignName>
<importedID>7350B932-DC6C-75B1-817B-25B6EED107D2</importedID>
<indexState>Unique Constraint</indexState>
<isSurrogateKey>false</isSurrogateKey>
<indexColumnUsage>
<colUsage columnID="ACCF8EA0-77E3-E680-E4D5-B36468B9E5F8"/>
</indexColumnUsage>
</ind_PK_UK>
</indexes>
</Table>