<?xml version = '1.0' encoding = 'UTF-8'?>
<Table class="oracle.dbtools.crest.model.design.relational.Table" directorySegmentName="seg_0" id="94F6AF0B-069B-7687-6A98-12DF3A56E6AC" name="official_languages">
<createdBy>eggeek</createdBy>
<createdTime>2016-05-25 13:06:09 UTC</createdTime>
<generatorID>AFAFFE13-06E0-56D7-AB51-961AD4827FB5</generatorID>
<ownerDesignName>combine</ownerDesignName>
<importedID>5E4D9E20-E987-4A79-A22B-073C41EB7A72</importedID>
<allowColumnReorder>false</allowColumnReorder>
<existDependencyGenerateInDDl>true</existDependencyGenerateInDDl>
<parsed>true</parsed>
<columns itemClass="oracle.dbtools.crest.model.design.relational.Column">
<Column name="official_olympic_id" id="955DDF9F-1322-E211-60A2-77BC1128C3F6">
<createdBy>eggeek</createdBy>
<createdTime>2016-05-25 13:06:09 UTC</createdTime>
<comment>the official&apos;s Olympic ID (8 characters), primary key</comment>
<generatorID>87693BB5-29EF-F63F-CF49-DE0FC9D13D62</generatorID>
<ownerDesignName>combine</ownerDesignName>
<importedID>11C36C71-9113-059F-0E02-41995A48F9E5</importedID>
<useDomainConstraints>false</useDomainConstraints>
<use>1</use>
<logicalDatatype>LOGDT025</logicalDatatype>
<dataTypeSize>8</dataTypeSize>
<ownDataTypeParameters>,,</ownDataTypeParameters>
<autoIncrementCycle>false</autoIncrementCycle>
<associations>
<colAssociation fkAssociation="E62DFD41-D6B9-504B-6C9D-7CA24EACE62B" referredColumn="34C568A7-96BE-8094-7E44-A0F83F63CB11"/>
</associations>
</Column>
<Column name="ISO6931_code" id="7033E58C-4FDD-400E-33BE-BCF420D1754C">
<createdBy>eggeek</createdBy>
<createdTime>2016-05-25 13:06:09 UTC</createdTime>
<comment>iso6931 code as primary key</comment>
<generatorID>834C4D2E-8770-56D7-A768-DCE5783760A6</generatorID>
<ownerDesignName>combine</ownerDesignName>
<importedID>2C7BA127-57AB-8810-7370-D2E68D21F18E</importedID>
<useDomainConstraints>false</useDomainConstraints>
<use>1</use>
<logicalDatatype>LOGDT025</logicalDatatype>
<dataTypeSize>2</dataTypeSize>
<ownDataTypeParameters>,,</ownDataTypeParameters>
<autoIncrementCycle>false</autoIncrementCycle>
<associations>
<colAssociation fkAssociation="93C0EE2D-A1D4-D23E-26DB-5737D0D30DC5" referredColumn="51956C51-0B11-621E-4766-7A950A1B622E"/>
</associations>
</Column>
</columns>
<indexes itemClass="oracle.dbtools.crest.model.design.relational.Index">
<ind_PK_UK id="B0C74A78-FC23-A20C-27A1-974FD8526BF6" name="official_lang_PK">
<createdBy>eggeek</createdBy>
<createdTime>2016-05-25 13:06:09 UTC</createdTime>
<generatorID>1DF46DF0-359C-5C5B-41FF-88103305085C</generatorID>
<ownerDesignName>combine</ownerDesignName>
<importedID>F8825870-3C4D-4476-A9E2-0E953346BEFD</importedID>
<pk>true</pk>
<indexState>Primary Constraint</indexState>
<isSurrogateKey>false</isSurrogateKey>
<indexColumnUsage>
<colUsage columnID="955DDF9F-1322-E211-60A2-77BC1128C3F6"/>
<colUsage columnID="7033E58C-4FDD-400E-33BE-BCF420D1754C"/>
</indexColumnUsage>
</ind_PK_UK>
<ind_PK_UK id="9887B418-8FF9-9689-99C8-AFD8E38CFFE6" name="official_languages__IDX">
<createdBy>eggeek</createdBy>
<createdTime>2016-05-26 05:30:09 UTC</createdTime>
<ownerDesignName>combine</ownerDesignName>
<indexState>Unique Plain Index</indexState>
<isSurrogateKey>false</isSurrogateKey>
<relationGeneratorID>530FC004-6FC9-16C5-CABA-AE23198CF385</relationGeneratorID>
<indexColumnUsage>
<colUsage columnID="955DDF9F-1322-E211-60A2-77BC1128C3F6"/>
</indexColumnUsage>
</ind_PK_UK>
<ind_PK_UK id="958A8091-8C3F-A252-2E28-DB6EB77BE8F9" name="languages_official_FK">
<createdBy>eggeek</createdBy>
<createdTime>2016-05-25 13:06:09 UTC</createdTime>
<generatorID>124EA59E-EDC0-0460-8CB1-CA945F43A256</generatorID>
<ownerDesignName>combine</ownerDesignName>
<indexState>Foreign Key</indexState>
<isSurrogateKey>false</isSurrogateKey>
<indexColumnUsage>
<colUsage columnID="955DDF9F-1322-E211-60A2-77BC1128C3F6"/>
</indexColumnUsage>
</ind_PK_UK>
<ind_PK_UK id="44F2496A-8615-7472-38CD-4880728A664E" name="language_code_FK">
<createdBy>eggeek</createdBy>
<createdTime>2016-05-25 13:06:09 UTC</createdTime>
<generatorID>5E1AB854-5336-E089-5EC8-AE4BD59E8F09</generatorID>
<ownerDesignName>combine</ownerDesignName>
<indexState>Foreign Key</indexState>
<isSurrogateKey>false</isSurrogateKey>
<indexColumnUsage>
<colUsage columnID="7033E58C-4FDD-400E-33BE-BCF420D1754C"/>
</indexColumnUsage>
</ind_PK_UK>
</indexes>
</Table>