<?xml version = '1.0' encoding = 'UTF-8'?>
<Table class="oracle.dbtools.crest.model.design.relational.Table" directorySegmentName="seg_0" id="DB40F7AA-7109-A075-BB4E-9841FF7BDAD8" name="qualifications">
<createdBy>eggeek</createdBy>
<createdTime>2016-05-25 13:06:09 UTC</createdTime>
<generatorID>C268B7AB-7676-DC40-517F-73619DE3D4A2</generatorID>
<ownerDesignName>combine</ownerDesignName>
<importedID>C2F74A8E-D4D2-1EB8-9CEC-BDCB2AABED64</importedID>
<allowColumnReorder>false</allowColumnReorder>
<existDependencyGenerateInDDl>true</existDependencyGenerateInDDl>
<parsed>true</parsed>
<columns itemClass="oracle.dbtools.crest.model.design.relational.Column">
<Column name="Driver_driver_id" id="54BE200E-4EF0-7D34-349B-EE980D698F32">
<createdBy>eggeek</createdBy>
<createdTime>2016-05-25 13:06:09 UTC</createdTime>
<comment>driver ID as the primary key of this table</comment>
<generatorID>114A9C12-1BF6-FD23-708E-A865D4BCDC1E</generatorID>
<ownerDesignName>combine</ownerDesignName>
<importedID>E14D7308-DEF8-82FF-69C7-2C95A95CF992</importedID>
<useDomainConstraints>false</useDomainConstraints>
<use>1</use>
<logicalDatatype>LOGDT019</logicalDatatype>
<dataTypeScale>5</dataTypeScale>
<ownDataTypeParameters>,,</ownDataTypeParameters>
<autoIncrementCycle>false</autoIncrementCycle>
<associations>
<colAssociation fkAssociation="41FA2C02-9085-3533-0576-2B6AD52E4F72" referredColumn="8F1E6033-332E-8070-D5AD-47158075CD6B"/>
</associations>
</Column>
<Column name="available_course" id="C7BFB681-8FA9-7FE3-ED07-DE13CECF5B98">
<createdBy>eggeek</createdBy>
<createdTime>2016-05-25 13:06:09 UTC</createdTime>
<comment>look up table. course code is the primary key.</comment>
<generatorID>6228EEB2-F991-B7A3-F151-120AC542A1C9</generatorID>
<ownerDesignName>combine</ownerDesignName>
<importedID>BE88507A-DA42-44DA-1B3D-428F8A271541</importedID>
<useDomainConstraints>false</useDomainConstraints>
<use>1</use>
<logicalDatatype>LOGDT024</logicalDatatype>
<dataTypeSize>10</dataTypeSize>
<ownDataTypeParameters>,,</ownDataTypeParameters>
<autoIncrementCycle>false</autoIncrementCycle>
<associations>
<colAssociation fkAssociation="D52D666A-AD01-49CC-486C-0A5AF5747E0B" referredColumn="20A52E54-394B-E4F3-C256-757444A5CDAF"/>
</associations>
</Column>
<Column name="finish_date" id="E86470DC-E6EF-7C5C-9F44-0B761DD3DB29">
<createdBy>eggeek</createdBy>
<createdTime>2016-05-25 13:06:09 UTC</createdTime>
<comment>date driver complete and received the qualification </comment>
<generatorID>AC3CE450-59E0-0A48-DB2A-C32DD83E8B87</generatorID>
<ownerDesignName>combine</ownerDesignName>
<importedID>71E90304-685E-D088-24B4-46AE7D0720E9</importedID>
<useDomainConstraints>false</useDomainConstraints>
<use>1</use>
<logicalDatatype>LOGDT007</logicalDatatype>
<ownDataTypeParameters>,,</ownDataTypeParameters>
<autoIncrementCycle>false</autoIncrementCycle>
</Column>
</columns>
<indexes itemClass="oracle.dbtools.crest.model.design.relational.Index">
<ind_PK_UK id="B24418CE-FD64-145F-0486-E8494A5CA9F5" name="qualifications_PK">
<createdBy>eggeek</createdBy>
<createdTime>2016-05-25 13:06:09 UTC</createdTime>
<generatorID>583871AB-1A7D-99EE-58EF-2D07199EE1CA</generatorID>
<ownerDesignName>combine</ownerDesignName>
<importedID>50B0C336-30B6-707E-E778-F4BEA09AF2BB</importedID>
<pk>true</pk>
<indexState>Primary Constraint</indexState>
<isSurrogateKey>false</isSurrogateKey>
<indexColumnUsage>
<colUsage columnID="54BE200E-4EF0-7D34-349B-EE980D698F32"/>
<colUsage columnID="C7BFB681-8FA9-7FE3-ED07-DE13CECF5B98"/>
</indexColumnUsage>
</ind_PK_UK>
<ind_PK_UK id="F96E7F16-727D-BD4E-F6BE-F3F1530C5B78" name="qualifi_driver_FK">
<createdBy>eggeek</createdBy>
<createdTime>2016-05-25 13:06:09 UTC</createdTime>
<generatorID>297B0B04-E06A-A322-8804-BCB06CF6C4FD</generatorID>
<ownerDesignName>combine</ownerDesignName>
<indexState>Foreign Key</indexState>
<isSurrogateKey>false</isSurrogateKey>
<indexColumnUsage>
<colUsage columnID="54BE200E-4EF0-7D34-349B-EE980D698F32"/>
</indexColumnUsage>
</ind_PK_UK>
<ind_PK_UK id="DB101AFB-9736-8837-4667-B460ED36DF7C" name="qualifi_courses_FK">
<createdBy>eggeek</createdBy>
<createdTime>2016-05-25 13:06:09 UTC</createdTime>
<generatorID>F71EAB13-0F3B-DD77-934D-4EA28BA3958B</generatorID>
<ownerDesignName>combine</ownerDesignName>
<indexState>Foreign Key</indexState>
<isSurrogateKey>false</isSurrogateKey>
<indexColumnUsage>
<colUsage columnID="C7BFB681-8FA9-7FE3-ED07-DE13CECF5B98"/>
</indexColumnUsage>
</ind_PK_UK>
</indexes>
</Table>