<?xml version = '1.0' encoding = 'UTF-8'?>
<Table class="oracle.dbtools.crest.model.design.relational.Table" directorySegmentName="seg_0" id="E2B8A88F-3B7A-0221-93BE-D577FFB69DE0" name="driver_languages">
<createdBy>eggeek</createdBy>
<createdTime>2016-05-25 13:06:09 UTC</createdTime>
<generatorID>13660652-E109-6B6B-E7E5-3804F0099DFF</generatorID>
<ownerDesignName>combine</ownerDesignName>
<importedID>4B73205F-6B82-ECF7-6F5C-0F2D8CED6FFA</importedID>
<allowColumnReorder>false</allowColumnReorder>
<existDependencyGenerateInDDl>true</existDependencyGenerateInDDl>
<parsed>true</parsed>
<columns itemClass="oracle.dbtools.crest.model.design.relational.Column">
<Column name="Driver_driver_id" id="513F925C-1283-B5EF-4155-7B58028797B8">
<createdBy>eggeek</createdBy>
<createdTime>2016-05-25 13:06:09 UTC</createdTime>
<comment>driver ID as the primary key of this table</comment>
<generatorID>9FEC0814-3F1E-F27D-FD81-4898AE32F3B0</generatorID>
<ownerDesignName>combine</ownerDesignName>
<importedID>081AC82E-8EA8-C246-2517-42552124CCC4</importedID>
<useDomainConstraints>false</useDomainConstraints>
<use>1</use>
<logicalDatatype>LOGDT019</logicalDatatype>
<dataTypeScale>5</dataTypeScale>
<ownDataTypeParameters>,,</ownDataTypeParameters>
<autoIncrementCycle>false</autoIncrementCycle>
<associations>
<colAssociation fkAssociation="15ED7CCA-7509-8B09-26F4-6EEE4B458E42" referredColumn="8F1E6033-332E-8070-D5AD-47158075CD6B"/>
</associations>
</Column>
<Column name="ISO6931_code" id="36C46720-DD4C-9177-2B7A-E4282DA0E750">
<createdBy>eggeek</createdBy>
<createdTime>2016-05-25 13:06:09 UTC</createdTime>
<comment>iso6931 code as primary key</comment>
<generatorID>369A309E-0CFB-2618-5854-88C55CA1A988</generatorID>
<ownerDesignName>combine</ownerDesignName>
<importedID>D54C386B-E0A7-A790-35DC-DD376A110E80</importedID>
<useDomainConstraints>false</useDomainConstraints>
<use>1</use>
<logicalDatatype>LOGDT025</logicalDatatype>
<dataTypeSize>2</dataTypeSize>
<ownDataTypeParameters>,,</ownDataTypeParameters>
<autoIncrementCycle>false</autoIncrementCycle>
<associations>
<colAssociation fkAssociation="0FAC67A8-3A83-531B-66E5-AF9000365A31" referredColumn="51956C51-0B11-621E-4766-7A950A1B622E"/>
</associations>
</Column>
</columns>
<indexes itemClass="oracle.dbtools.crest.model.design.relational.Index">
<ind_PK_UK id="2F1BFE18-89DE-15CF-BBC1-AC182F94D18F" name="driver_languages_PK">
<createdBy>eggeek</createdBy>
<createdTime>2016-05-25 13:06:09 UTC</createdTime>
<generatorID>7C0E6D28-96DD-C3E8-A3E3-7E86E1E711C3</generatorID>
<ownerDesignName>combine</ownerDesignName>
<importedID>C0D879BD-10A1-C0A8-839E-AF4EEFABA058</importedID>
<pk>true</pk>
<indexState>Primary Constraint</indexState>
<isSurrogateKey>false</isSurrogateKey>
<indexColumnUsage>
<colUsage columnID="513F925C-1283-B5EF-4155-7B58028797B8"/>
<colUsage columnID="36C46720-DD4C-9177-2B7A-E4282DA0E750"/>
</indexColumnUsage>
</ind_PK_UK>
<ind_PK_UK id="51591B64-7DEB-CAFE-C28F-6200C93EBAE3" name="driver_languages__IDX">
<createdBy>eggeek</createdBy>
<createdTime>2016-05-26 05:30:09 UTC</createdTime>
<ownerDesignName>combine</ownerDesignName>
<indexState>Unique Plain Index</indexState>
<isSurrogateKey>false</isSurrogateKey>
<relationGeneratorID>19AC6642-D2AF-8891-7279-EE255D8288A8</relationGeneratorID>
<indexColumnUsage>
<colUsage columnID="513F925C-1283-B5EF-4155-7B58028797B8"/>
</indexColumnUsage>
</ind_PK_UK>
<ind_PK_UK id="28351FB3-B5FA-2EAD-78BC-0AEFE4E0EA0D" name="driver_language_code_FK">
<createdBy>eggeek</createdBy>
<createdTime>2016-05-25 13:06:09 UTC</createdTime>
<generatorID>9C3749B0-8B76-F96C-7473-8574B9481EAC</generatorID>
<ownerDesignName>combine</ownerDesignName>
<indexState>Foreign Key</indexState>
<isSurrogateKey>false</isSurrogateKey>
<indexColumnUsage>
<colUsage columnID="36C46720-DD4C-9177-2B7A-E4282DA0E750"/>
</indexColumnUsage>
</ind_PK_UK>
<ind_PK_UK id="2B737015-B3B2-518B-DFA0-EC320372BF64" name="driver_languages_FK">
<createdBy>eggeek</createdBy>
<createdTime>2016-05-25 13:06:09 UTC</createdTime>
<generatorID>971C7A60-6505-14A5-AE65-8EC643411570</generatorID>
<ownerDesignName>combine</ownerDesignName>
<indexState>Foreign Key</indexState>
<isSurrogateKey>false</isSurrogateKey>
<indexColumnUsage>
<colUsage columnID="513F925C-1283-B5EF-4155-7B58028797B8"/>
</indexColumnUsage>
</ind_PK_UK>
</indexes>
</Table>